[2025-12-08 05:37:00] local.ERROR: SQLSTATE[42S02]: Base table or view not found: 1932 Table 'abadiairlines.sessions' doesn't exist in engine (Connection: mysql, SQL: select * from `sessions` where `id` = dhd1h827ag9A66Tqm7lFYCBLZg9Tq5N8cbqmLK81 limit 1) {"exception":"[object] (Illuminate\\Database\\QueryException(code: 42S02): SQLSTATE[42S02]: Base table or view not found: 1932 Table 'abadiairlines.sessions' doesn't exist in engine (Connection: mysql, SQL: select * from `sessions` where `id` = dhd1h827ag9A66Tqm7lFYCBLZg9Tq5N8cbqmLK81 limit 1) at C:\\Users\\sam\\Documents\\File_Coding\\HTML_CSS_JAVASCRIPT_dan_GAMBAR\\Kuliah\\airlines\\vendor\\laravel\\framework\\src\\Illuminate\\Database\\Connection.php:824)
[stacktrace]
#0 C:\\Users\\sam\\Documents\\File_Coding\\HTML_CSS_JAVASCRIPT_dan_GAMBAR\\Kuliah\\airlines\\vendor\\laravel\\framework\\src\\Illuminate\\Database\\Connection.php(778): Illuminate\\Database\\Connection->runQueryCallback('select * from `...', Array, Object(Closure))
#1 C:\\Users\\sam\\Documents\\File_Coding\\HTML_CSS_JAVASCRIPT_dan_GAMBAR\\Kuliah\\airlines\\vendor\\laravel\\framework\\src\\Illuminate\\Database\\Connection.php(397): Illuminate\\Database\\Connection->run('select * from `...', Array, Object(Closure))
#2 C:\\Users\\sam\\Documents\\File_Coding\\HTML_CSS_JAVASCRIPT_dan_GAMBAR\\Kuliah\\airlines\\vendor\\laravel\\framework\\src\\Illuminate\\Database\\Query\\Builder.php(3188): Illuminate\\Database\\Connection->select('select * from `...', Array, false)
#3 C:\\Users\\sam\\Documents\\File_Coding\\HTML_CSS_JAVASCRIPT_dan_GAMBAR\\Kuliah\\airlines\\vendor\\laravel\\framework\\src\\Illuminate\\Database\\Query\\Builder.php(3173): Illuminate\\Database\\Query\\Builder->runSelect()
#4 C:\\Users\\sam\\Documents\\File_Coding\\HTML_CSS_JAVASCRIPT_dan_GAMBAR\\Kuliah\\airlines\\vendor\\laravel\\framework\\src\\Illuminate\\Database\\Query\\Builder.php(3763): Illuminate\\Database\\Query\\Builder->{closure:Illuminate\\Database\\Query\\Builder::get():3172}()
#5 C:\\Users\\sam\\Documents\\File_Coding\\HTML_CSS_JAVASCRIPT_dan_GAMBAR\\Kuliah\\airlines\\vendor\\laravel\\framework\\src\\Illuminate\\Database\\Query\\Builder.php(3172): Illuminate\\Database\\Query\\Builder->onceWithColumns(Array, Object(Closure))
#6 C:\\Users\\sam\\Documents\\File_Coding\\HTML_CSS_JAVASCRIPT_dan_GAMBAR\\Kuliah\\airlines\\vendor\\laravel\\framework\\src\\Illuminate\\Database\\Concerns\\BuildsQueries.php(366): Illuminate\\Database\\Query\\Builder->get(Array)
#7 C:\\Users\\sam\\Documents\\File_Coding\\HTML_CSS_JAVASCRIPT_dan_GAMBAR\\Kuliah\\airlines\\vendor\\laravel\\framework\\src\\Illuminate\\Database\\Query\\Builder.php(3095): Illuminate\\Database\\Query\\Builder->first(Array)
#8 C:\\Users\\sam\\Documents\\File_Coding\\HTML_CSS_JAVASCRIPT_dan_GAMBAR\\Kuliah\\airlines\\vendor\\laravel\\framework\\src\\Illuminate\\Session\\DatabaseSessionHandler.php(96): Illuminate\\Database\\Query\\Builder->find('dhd1h827ag9A66T...')
#9 C:\\Users\\sam\\Documents\\File_Coding\\HTML_CSS_JAVASCRIPT_dan_GAMBAR\\Kuliah\\airlines\\vendor\\laravel\\framework\\src\\Illuminate\\Session\\Store.php(117): Illuminate\\Session\\DatabaseSessionHandler->read('dhd1h827ag9A66T...')
#10 C:\\Users\\sam\\Documents\\File_Coding\\HTML_CSS_JAVASCRIPT_dan_GAMBAR\\Kuliah\\airlines\\vendor\\laravel\\framework\\src\\Illuminate\\Session\\Store.php(105): Illuminate\\Session\\Store->readFromHandler()
#11 C:\\Users\\sam\\Documents\\File_Coding\\HTML_CSS_JAVASCRIPT_dan_GAMBAR\\Kuliah\\airlines\\vendor\\laravel\\framework\\src\\Illuminate\\Session\\Store.php(89): Illuminate\\Session\\Store->loadSession()
#12 C:\\Users\\sam\\Documents\\File_Coding\\HTML_CSS_JAVASCRIPT_dan_GAMBAR\\Kuliah\\airlines\\vendor\\laravel\\framework\\src\\Illuminate\\Session\\Middleware\\StartSession.php(146): Illuminate\\Session\\Store->start()
#13 C:\\Users\\sam\\Documents\\File_Coding\\HTML_CSS_JAVASCRIPT_dan_GAMBAR\\Kuliah\\airlines\\vendor\\laravel\\framework\\src\\Illuminate\\Support\\helpers.php(390): Illuminate\\Session\\Middleware\\StartSession->{closure:Illuminate\\Session\\Middleware\\StartSession::startSession():143}(Object(Illuminate\\Session\\Store))
#14 C:\\Users\\sam\\Documents\\File_Coding\\HTML_CSS_JAVASCRIPT_dan_GAMBAR\\Kuliah\\airlines\\vendor\\laravel\\framework\\src\\Illuminate\\Session\\Middleware\\StartSession.php(143): tap(Object(Illuminate\\Session\\Store), Object(Closure))
#15 C:\\Users\\sam\\Documents\\File_Coding\\HTML_CSS_JAVASCRIPT_dan_GAMBAR\\Kuliah\\airlines\\vendor\\laravel\\framework\\src\\Illuminate\\Session\\Middleware\\StartSession.php(115): Illuminate\\Session\\Middleware\\StartSession->startSession(Object(Illuminate\\Http\\Request), Object(Illuminate\\Session\\Store))
#16 C:\\Users\\sam\\Documents\\File_Coding\\HTML_CSS_JAVASCRIPT_dan_GAMBAR\\Kuliah\\airlines\\vendor\\laravel\\framework\\src\\Illuminate\\Session\\Middleware\\StartSession.php(63): Illuminate\\Session\\Middleware\\StartSession->handleStatefulRequest(Object(Illuminate\\Http\\Request), Object(Illuminate\\Session\\Store), Object(Closure))
#17 C:\\Users\\sam\\Documents\\File_Coding\\HTML_CSS_JAVASCRIPT_dan_GAMBAR\\Kuliah\\airlines\\vendor\\laravel\\framework\\src\\Illuminate\\Pipeline\\Pipeline.php(219): Illuminate\\Session\\Middleware\\StartSession->handle(Object(Illuminate\\Http\\Request), Object(Closure))
#18 C:\\Users\\sam\\Documents\\File_Coding\\HTML_CSS_JAVASCRIPT_dan_GAMBAR\\Kuliah\\airlines\\vendor\\laravel\\framework\\src\\Illuminate\\Cookie\\Middleware\\AddQueuedCookiesToResponse.php(36): Illuminate\\Pipeline\\Pipeline->{closure:{closure:Illuminate\\Pipeline\\Pipeline::carry():194}:195}(Object(Illuminate\\Http\\Request))
#19 C:\\Users\\sam\\Documents\\File_Coding\\HTML_CSS_JAVASCRIPT_dan_GAMBAR\\Kuliah\\airlines\\vendor\\laravel\\framework\\src\\Illuminate\\Pipeline\\Pipeline.php(219): Illuminate\\Cookie\\Middleware\\AddQueuedCookiesToResponse->handle(Object(Illuminate\\Http\\Request), Object(Closure))
#20 C:\\Users\\sam\\Documents\\File_Coding\\HTML_CSS_JAVASCRIPT_dan_GAMBAR\\Kuliah\\airlines\\vendor\\laravel\\framework\\src\\Illuminate\\Cookie\\Middleware\\EncryptCookies.php(74): Illuminate\\Pipeline\\Pipeline->{closure:{closure:Illuminate\\Pipeline\\Pipeline::carry():194}:195}(Object(Illuminate\\Http\\Request))
#21 C:\\Users\\sam\\Documents\\File_Coding\\HTML_CSS_JAVASCRIPT_dan_GAMBAR\\Kuliah\\airlines\\vendor\\laravel\\framework\\src\\Illuminate\\Pipeline\\Pipeline.php(219): Illuminate\\Cookie\\Middleware\\EncryptCookies->handle(Object(Illuminate\\Http\\Request), Object(Closure))
#22 C:\\Users\\sam\\Documents\\File_Coding\\HTML_CSS_JAVASCRIPT_dan_GAMBAR\\Kuliah\\airlines\\vendor\\laravel\\framework\\src\\Illuminate\\Pipeline\\Pipeline.php(137): Illuminate\\Pipeline\\Pipeline->{closure:{closure:Illuminate\\Pipeline\\Pipeline::carry():194}:195}(Object(Illuminate\\Http\\Request))
#23 C:\\Users\\sam\\Documents\\File_Coding\\HTML_CSS_JAVASCRIPT_dan_GAMBAR\\Kuliah\\airlines\\vendor\\laravel\\framework\\src\\Illuminate\\Routing\\Router.php(821): Illuminate\\Pipeline\\Pipeline->then(Object(Closure))
#24 C:\\Users\\sam\\Documents\\File_Coding\\HTML_CSS_JAVASCRIPT_dan_GAMBAR\\Kuliah\\airlines\\vendor\\laravel\\framework\\src\\Illuminate\\Routing\\Router.php(800): Illuminate\\Routing\\Router->runRouteWithinStack(Object(Illuminate\\Routing\\Route), Object(Illuminate\\Http\\Request))
#25 C:\\Users\\sam\\Documents\\File_Coding\\HTML_CSS_JAVASCRIPT_dan_GAMBAR\\Kuliah\\airlines\\vendor\\laravel\\framework\\src\\Illuminate\\Routing\\Router.php(764): Illuminate\\Routing\\Router->runRoute(Object(Illuminate\\Http\\Request), Object(Illuminate\\Routing\\Route))
#26 C:\\Users\\sam\\Documents\\File_Coding\\HTML_CSS_JAVASCRIPT_dan_GAMBAR\\Kuliah\\airlines\\vendor\\laravel\\framework\\src\\Illuminate\\Routing\\Router.php(753): Illuminate\\Routing\\Router->dispatchToRoute(Object(Illuminate\\Http\\Request))
#27 C:\\Users\\sam\\Documents\\File_Coding\\HTML_CSS_JAVASCRIPT_dan_GAMBAR\\Kuliah\\airlines\\vendor\\laravel\\framework\\src\\Illuminate\\Foundation\\Http\\Kernel.php(200): Illuminate\\Routing\\Router->dispatch(Object(Illuminate\\Http\\Request))
#28 C:\\Users\\sam\\Documents\\File_Coding\\HTML_CSS_JAVASCRIPT_dan_GAMBAR\\Kuliah\\airlines\\vendor\\laravel\\framework\\src\\Illuminate\\Pipeline\\Pipeline.php(180): Illuminate\\Foundation\\Http\\Kernel->{closure:Illuminate\\Foundation\\Http\\Kernel::dispatchToRouter():197}(Object(Illuminate\\Http\\Request))
#29 C:\\Users\\sam\\Documents\\File_Coding\\HTML_CSS_JAVASCRIPT_dan_GAMBAR\\Kuliah\\airlines\\vendor\\laravel\\framework\\src\\Illuminate\\Foundation\\Http\\Middleware\\TransformsRequest.php(21): Illuminate\\Pipeline\\Pipeline->{closure:Illuminate\\Pipeline\\Pipeline::prepareDestination():178}(Object(Illuminate\\Http\\Request))
#30 C:\\Users\\sam\\Documents\\File_Coding\\HTML_CSS_JAVASCRIPT_dan_GAMBAR\\Kuliah\\airlines\\vendor\\laravel\\framework\\src\\Illuminate\\Foundation\\Http\\Middleware\\ConvertEmptyStringsToNull.php(31): Illuminate\\Foundation\\Http\\Middleware\\TransformsRequest->handle(Object(Illuminate\\Http\\Request), Object(Closure))
#31 C:\\Users\\sam\\Documents\\File_Coding\\HTML_CSS_JAVASCRIPT_dan_GAMBAR\\Kuliah\\airlines\\vendor\\laravel\\framework\\src\\Illuminate\\Pipeline\\Pipeline.php(219): Illuminate\\Foundation\\Http\\Middleware\\ConvertEmptyStringsToNull->handle(Object(Illuminate\\Http\\Request), Object(Closure))
#32 C:\\Users\\sam\\Documents\\File_Coding\\HTML_CSS_JAVASCRIPT_dan_GAMBAR\\Kuliah\\airlines\\vendor\\laravel\\framework\\src\\Illuminate\\Foundation\\Http\\Middleware\\TransformsRequest.php(21): Illuminate\\Pipeline\\Pipeline->{closure:{closure:Illuminate\\Pipeline\\Pipeline::carry():194}:195}(Object(Illuminate\\Http\\Request))
#33 C:\\Users\\sam\\Documents\\File_Coding\\HTML_CSS_JAVASCRIPT_dan_GAMBAR\\Kuliah\\airlines\\vendor\\laravel\\framework\\src\\Illuminate\\Foundation\\Http\\Middleware\\TrimStrings.php(51): Illuminate\\Foundation\\Http\\Middleware\\TransformsRequest->handle(Object(Illuminate\\Http\\Request), Object(Closure))
#34 C:\\Users\\sam\\Documents\\File_Coding\\HTML_CSS_JAVASCRIPT_dan_GAMBAR\\Kuliah\\airlines\\vendor\\laravel\\framework\\src\\Illuminate\\Pipeline\\Pipeline.php(219): Illuminate\\Foundation\\Http\\Middleware\\TrimStrings->handle(Object(Illuminate\\Http\\Request), Object(Closure))
#35 C:\\Users\\sam\\Documents\\File_Coding\\HTML_CSS_JAVASCRIPT_dan_GAMBAR\\Kuliah\\airlines\\vendor\\laravel\\framework\\src\\Illuminate\\Http\\Middleware\\ValidatePostSize.php(27): Illuminate\\Pipeline\\Pipeline->{closure:{closure:Illuminate\\Pipeline\\Pipeline::carry():194}:195}(Object(Illuminate\\Http\\Request))
#36 C:\\Users\\sam\\Documents\\File_Coding\\HTML_CSS_JAVASCRIPT_dan_GAMBAR\\Kuliah\\airlines\\vendor\\laravel\\framework\\src\\Illuminate\\Pipeline\\Pipeline.php(219): Illuminate\\Http\\Middleware\\ValidatePostSize->handle(Object(Illuminate\\Http\\Request), Object(Closure))
#37 C:\\Users\\sam\\Documents\\File_Coding\\HTML_CSS_JAVASCRIPT_dan_GAMBAR\\Kuliah\\airlines\\vendor\\laravel\\framework\\src\\Illuminate\\Foundation\\Http\\Middleware\\PreventRequestsDuringMaintenance.php(109): Illuminate\\Pipeline\\Pipeline->{closure:{closure:Illuminate\\Pipeline\\Pipeline::carry():194}:195}(Object(Illuminate\\Http\\Request))
#38 C:\\Users\\sam\\Documents\\File_Coding\\HTML_CSS_JAVASCRIPT_dan_GAMBAR\\Kuliah\\airlines\\vendor\\laravel\\framework\\src\\Illuminate\\Pipeline\\Pipeline.php(219): Illuminate\\Foundation\\Http\\Middleware\\PreventRequestsDuringMaintenance->handle(Object(Illuminate\\Http\\Request), Object(Closure))
#39 C:\\Users\\sam\\Documents\\File_Coding\\HTML_CSS_JAVASCRIPT_dan_GAMBAR\\Kuliah\\airlines\\vendor\\laravel\\framework\\src\\Illuminate\\Http\\Middleware\\HandleCors.php(48): Illuminate\\Pipeline\\Pipeline->{closure:{closure:Illuminate\\Pipeline\\Pipeline::carry():194}:195}(Object(Illuminate\\Http\\Request))
#40 C:\\Users\\sam\\Documents\\File_Coding\\HTML_CSS_JAVASCRIPT_dan_GAMBAR\\Kuliah\\airlines\\vendor\\laravel\\framework\\src\\Illuminate\\Pipeline\\Pipeline.php(219): Illuminate\\Http\\Middleware\\HandleCors->handle(Object(Illuminate\\Http\\Request), Object(Closure))
#41 C:\\Users\\sam\\Documents\\File_Coding\\HTML_CSS_JAVASCRIPT_dan_GAMBAR\\Kuliah\\airlines\\vendor\\laravel\\framework\\src\\Illuminate\\Http\\Middleware\\TrustProxies.php(58): Illuminate\\Pipeline\\Pipeline->{closure:{closure:Illuminate\\Pipeline\\Pipeline::carry():194}:195}(Object(Illuminate\\Http\\Request))
#42 C:\\Users\\sam\\Documents\\File_Coding\\HTML_CSS_JAVASCRIPT_dan_GAMBAR\\Kuliah\\airlines\\vendor\\laravel\\framework\\src\\Illuminate\\Pipeline\\Pipeline.php(219): Illuminate\\Http\\Middleware\\TrustProxies->handle(Object(Illuminate\\Http\\Request), Object(Closure))
#43 C:\\Users\\sam\\Documents\\File_Coding\\HTML_CSS_JAVASCRIPT_dan_GAMBAR\\Kuliah\\airlines\\vendor\\laravel\\framework\\src\\Illuminate\\Foundation\\Http\\Middleware\\InvokeDeferredCallbacks.php(22): Illuminate\\Pipeline\\Pipeline->{closure:{closure:Illuminate\\Pipeline\\Pipeline::carry():194}:195}(Object(Illuminate\\Http\\Request))
#44 C:\\Users\\sam\\Documents\\File_Coding\\HTML_CSS_JAVASCRIPT_dan_GAMBAR\\Kuliah\\airlines\\vendor\\laravel\\framework\\src\\Illuminate\\Pipeline\\Pipeline.php(219): Illuminate\\Foundation\\Http\\Middleware\\InvokeDeferredCallbacks->handle(Object(Illuminate\\Http\\Request), Object(Closure))
#45 C:\\Users\\sam\\Documents\\File_Coding\\HTML_CSS_JAVASCRIPT_dan_GAMBAR\\Kuliah\\airlines\\vendor\\laravel\\framework\\src\\Illuminate\\Http\\Middleware\\ValidatePathEncoding.php(26): Illuminate\\Pipeline\\Pipeline->{closure:{closure:Illuminate\\Pipeline\\Pipeline::carry():194}:195}(Object(Illuminate\\Http\\Request))
#46 C:\\Users\\sam\\Documents\\File_Coding\\HTML_CSS_JAVASCRIPT_dan_GAMBAR\\Kuliah\\airlines\\vendor\\laravel\\framework\\src\\Illuminate\\Pipeline\\Pipeline.php(219): Illuminate\\Http\\Middleware\\ValidatePathEncoding->handle(Object(Illuminate\\Http\\Request), Object(Closure))
#47 C:\\Users\\sam\\Documents\\File_Coding\\HTML_CSS_JAVASCRIPT_dan_GAMBAR\\Kuliah\\airlines\\vendor\\laravel\\framework\\src\\Illuminate\\Pipeline\\Pipeline.php(137): Illuminate\\Pipeline\\Pipeline->{closure:{closure:Illuminate\\Pipeline\\Pipeline::carry():194}:195}(Object(Illuminate\\Http\\Request))
#48 C:\\Users\\sam\\Documents\\File_Coding\\HTML_CSS_JAVASCRIPT_dan_GAMBAR\\Kuliah\\airlines\\vendor\\laravel\\framework\\src\\Illuminate\\Foundation\\Http\\Kernel.php(175): Illuminate\\Pipeline\\Pipeline->then(Object(Closure))
#49 C:\\Users\\sam\\Documents\\File_Coding\\HTML_CSS_JAVASCRIPT_dan_GAMBAR\\Kuliah\\airlines\\vendor\\laravel\\framework\\src\\Illuminate\\Foundation\\Http\\Kernel.php(144): Illuminate\\Foundation\\Http\\Kernel->sendRequestThroughRouter(Object(Illuminate\\Http\\Request))
#50 C:\\Users\\sam\\Documents\\File_Coding\\HTML_CSS_JAVASCRIPT_dan_GAMBAR\\Kuliah\\airlines\\vendor\\laravel\\framework\\src\\Illuminate\\Foundation\\Application.php(1220): Illuminate\\Foundation\\Http\\Kernel->handle(Object(Illuminate\\Http\\Request))
#51 C:\\Users\\sam\\Documents\\File_Coding\\HTML_CSS_JAVASCRIPT_dan_GAMBAR\\Kuliah\\airlines\\public\\index.php(20): Illuminate\\Foundation\\Application->handleRequest(Object(Illuminate\\Http\\Request))
#52 C:\\Users\\sam\\Documents\\File_Coding\\HTML_CSS_JAVASCRIPT_dan_GAMBAR\\Kuliah\\airlines\\vendor\\laravel\\framework\\src\\Illuminate\\Foundation\\resources\\server.php(23): require_once('C:\\\\Users\\\\sam\\\\Do...')
#53 {main}

[previous exception] [object] (PDOException(code: 42S02): SQLSTATE[42S02]: Base table or view not found: 1932 Table 'abadiairlines.sessions' doesn't exist in engine at C:\\Users\\sam\\Documents\\File_Coding\\HTML_CSS_JAVASCRIPT_dan_GAMBAR\\Kuliah\\airlines\\vendor\\laravel\\framework\\src\\Illuminate\\Database\\Connection.php:406)
[stacktrace]
#0 C:\\Users\\sam\\Documents\\File_Coding\\HTML_CSS_JAVASCRIPT_dan_GAMBAR\\Kuliah\\airlines\\vendor\\laravel\\framework\\src\\Illuminate\\Database\\Connection.php(406): PDO->prepare('select * from `...')
#1 C:\\Users\\sam\\Documents\\File_Coding\\HTML_CSS_JAVASCRIPT_dan_GAMBAR\\Kuliah\\airlines\\vendor\\laravel\\framework\\src\\Illuminate\\Database\\Connection.php(811): Illuminate\\Database\\Connection->{closure:Illuminate\\Database\\Connection::select():397}('select * from `...', Array)
#2 C:\\Users\\sam\\Documents\\File_Coding\\HTML_CSS_JAVASCRIPT_dan_GAMBAR\\Kuliah\\airlines\\vendor\\laravel\\framework\\src\\Illuminate\\Database\\Connection.php(778): Illuminate\\Database\\Connection->runQueryCallback('select * from `...', Array, Object(Closure))
#3 C:\\Users\\sam\\Documents\\File_Coding\\HTML_CSS_JAVASCRIPT_dan_GAMBAR\\Kuliah\\airlines\\vendor\\laravel\\framework\\src\\Illuminate\\Database\\Connection.php(397): Illuminate\\Database\\Connection->run('select * from `...', Array, Object(Closure))
#4 C:\\Users\\sam\\Documents\\File_Coding\\HTML_CSS_JAVASCRIPT_dan_GAMBAR\\Kuliah\\airlines\\vendor\\laravel\\framework\\src\\Illuminate\\Database\\Query\\Builder.php(3188): Illuminate\\Database\\Connection->select('select * from `...', Array, false)
#5 C:\\Users\\sam\\Documents\\File_Coding\\HTML_CSS_JAVASCRIPT_dan_GAMBAR\\Kuliah\\airlines\\vendor\\laravel\\framework\\src\\Illuminate\\Database\\Query\\Builder.php(3173): Illuminate\\Database\\Query\\Builder->runSelect()
#6 C:\\Users\\sam\\Documents\\File_Coding\\HTML_CSS_JAVASCRIPT_dan_GAMBAR\\Kuliah\\airlines\\vendor\\laravel\\framework\\src\\Illuminate\\Database\\Query\\Builder.php(3763): Illuminate\\Database\\Query\\Builder->{closure:Illuminate\\Database\\Query\\Builder::get():3172}()
#7 C:\\Users\\sam\\Documents\\File_Coding\\HTML_CSS_JAVASCRIPT_dan_GAMBAR\\Kuliah\\airlines\\vendor\\laravel\\framework\\src\\Illuminate\\Database\\Query\\Builder.php(3172): Illuminate\\Database\\Query\\Builder->onceWithColumns(Array, Object(Closure))
#8 C:\\Users\\sam\\Documents\\File_Coding\\HTML_CSS_JAVASCRIPT_dan_GAMBAR\\Kuliah\\airlines\\vendor\\laravel\\framework\\src\\Illuminate\\Database\\Concerns\\BuildsQueries.php(366): Illuminate\\Database\\Query\\Builder->get(Array)
#9 C:\\Users\\sam\\Documents\\File_Coding\\HTML_CSS_JAVASCRIPT_dan_GAMBAR\\Kuliah\\airlines\\vendor\\laravel\\framework\\src\\Illuminate\\Database\\Query\\Builder.php(3095): Illuminate\\Database\\Query\\Builder->first(Array)
#10 C:\\Users\\sam\\Documents\\File_Coding\\HTML_CSS_JAVASCRIPT_dan_GAMBAR\\Kuliah\\airlines\\vendor\\laravel\\framework\\src\\Illuminate\\Session\\DatabaseSessionHandler.php(96): Illuminate\\Database\\Query\\Builder->find('dhd1h827ag9A66T...')
#11 C:\\Users\\sam\\Documents\\File_Coding\\HTML_CSS_JAVASCRIPT_dan_GAMBAR\\Kuliah\\airlines\\vendor\\laravel\\framework\\src\\Illuminate\\Session\\Store.php(117): Illuminate\\Session\\DatabaseSessionHandler->read('dhd1h827ag9A66T...')
#12 C:\\Users\\sam\\Documents\\File_Coding\\HTML_CSS_JAVASCRIPT_dan_GAMBAR\\Kuliah\\airlines\\vendor\\laravel\\framework\\src\\Illuminate\\Session\\Store.php(105): Illuminate\\Session\\Store->readFromHandler()
#13 C:\\Users\\sam\\Documents\\File_Coding\\HTML_CSS_JAVASCRIPT_dan_GAMBAR\\Kuliah\\airlines\\vendor\\laravel\\framework\\src\\Illuminate\\Session\\Store.php(89): Illuminate\\Session\\Store->loadSession()
#14 C:\\Users\\sam\\Documents\\File_Coding\\HTML_CSS_JAVASCRIPT_dan_GAMBAR\\Kuliah\\airlines\\vendor\\laravel\\framework\\src\\Illuminate\\Session\\Middleware\\StartSession.php(146): Illuminate\\Session\\Store->start()
#15 C:\\Users\\sam\\Documents\\File_Coding\\HTML_CSS_JAVASCRIPT_dan_GAMBAR\\Kuliah\\airlines\\vendor\\laravel\\framework\\src\\Illuminate\\Support\\helpers.php(390): Illuminate\\Session\\Middleware\\StartSession->{closure:Illuminate\\Session\\Middleware\\StartSession::startSession():143}(Object(Illuminate\\Session\\Store))
#16 C:\\Users\\sam\\Documents\\File_Coding\\HTML_CSS_JAVASCRIPT_dan_GAMBAR\\Kuliah\\airlines\\vendor\\laravel\\framework\\src\\Illuminate\\Session\\Middleware\\StartSession.php(143): tap(Object(Illuminate\\Session\\Store), Object(Closure))
#17 C:\\Users\\sam\\Documents\\File_Coding\\HTML_CSS_JAVASCRIPT_dan_GAMBAR\\Kuliah\\airlines\\vendor\\laravel\\framework\\src\\Illuminate\\Session\\Middleware\\StartSession.php(115): Illuminate\\Session\\Middleware\\StartSession->startSession(Object(Illuminate\\Http\\Request), Object(Illuminate\\Session\\Store))
#18 C:\\Users\\sam\\Documents\\File_Coding\\HTML_CSS_JAVASCRIPT_dan_GAMBAR\\Kuliah\\airlines\\vendor\\laravel\\framework\\src\\Illuminate\\Session\\Middleware\\StartSession.php(63): Illuminate\\Session\\Middleware\\StartSession->handleStatefulRequest(Object(Illuminate\\Http\\Request), Object(Illuminate\\Session\\Store), Object(Closure))
#19 C:\\Users\\sam\\Documents\\File_Coding\\HTML_CSS_JAVASCRIPT_dan_GAMBAR\\Kuliah\\airlines\\vendor\\laravel\\framework\\src\\Illuminate\\Pipeline\\Pipeline.php(219): Illuminate\\Session\\Middleware\\StartSession->handle(Object(Illuminate\\Http\\Request), Object(Closure))
#20 C:\\Users\\sam\\Documents\\File_Coding\\HTML_CSS_JAVASCRIPT_dan_GAMBAR\\Kuliah\\airlines\\vendor\\laravel\\framework\\src\\Illuminate\\Cookie\\Middleware\\AddQueuedCookiesToResponse.php(36): Illuminate\\Pipeline\\Pipeline->{closure:{closure:Illuminate\\Pipeline\\Pipeline::carry():194}:195}(Object(Illuminate\\Http\\Request))
#21 C:\\Users\\sam\\Documents\\File_Coding\\HTML_CSS_JAVASCRIPT_dan_GAMBAR\\Kuliah\\airlines\\vendor\\laravel\\framework\\src\\Illuminate\\Pipeline\\Pipeline.php(219): Illuminate\\Cookie\\Middleware\\AddQueuedCookiesToResponse->handle(Object(Illuminate\\Http\\Request), Object(Closure))
#22 C:\\Users\\sam\\Documents\\File_Coding\\HTML_CSS_JAVASCRIPT_dan_GAMBAR\\Kuliah\\airlines\\vendor\\laravel\\framework\\src\\Illuminate\\Cookie\\Middleware\\EncryptCookies.php(74): Illuminate\\Pipeline\\Pipeline->{closure:{closure:Illuminate\\Pipeline\\Pipeline::carry():194}:195}(Object(Illuminate\\Http\\Request))
#23 C:\\Users\\sam\\Documents\\File_Coding\\HTML_CSS_JAVASCRIPT_dan_GAMBAR\\Kuliah\\airlines\\vendor\\laravel\\framework\\src\\Illuminate\\Pipeline\\Pipeline.php(219): Illuminate\\Cookie\\Middleware\\EncryptCookies->handle(Object(Illuminate\\Http\\Request), Object(Closure))
#24 C:\\Users\\sam\\Documents\\File_Coding\\HTML_CSS_JAVASCRIPT_dan_GAMBAR\\Kuliah\\airlines\\vendor\\laravel\\framework\\src\\Illuminate\\Pipeline\\Pipeline.php(137): Illuminate\\Pipeline\\Pipeline->{closure:{closure:Illuminate\\Pipeline\\Pipeline::carry():194}:195}(Object(Illuminate\\Http\\Request))
#25 C:\\Users\\sam\\Documents\\File_Coding\\HTML_CSS_JAVASCRIPT_dan_GAMBAR\\Kuliah\\airlines\\vendor\\laravel\\framework\\src\\Illuminate\\Routing\\Router.php(821): Illuminate\\Pipeline\\Pipeline->then(Object(Closure))
#26 C:\\Users\\sam\\Documents\\File_Coding\\HTML_CSS_JAVASCRIPT_dan_GAMBAR\\Kuliah\\airlines\\vendor\\laravel\\framework\\src\\Illuminate\\Routing\\Router.php(800): Illuminate\\Routing\\Router->runRouteWithinStack(Object(Illuminate\\Routing\\Route), Object(Illuminate\\Http\\Request))
#27 C:\\Users\\sam\\Documents\\File_Coding\\HTML_CSS_JAVASCRIPT_dan_GAMBAR\\Kuliah\\airlines\\vendor\\laravel\\framework\\src\\Illuminate\\Routing\\Router.php(764): Illuminate\\Routing\\Router->runRoute(Object(Illuminate\\Http\\Request), Object(Illuminate\\Routing\\Route))
#28 C:\\Users\\sam\\Documents\\File_Coding\\HTML_CSS_JAVASCRIPT_dan_GAMBAR\\Kuliah\\airlines\\vendor\\laravel\\framework\\src\\Illuminate\\Routing\\Router.php(753): Illuminate\\Routing\\Router->dispatchToRoute(Object(Illuminate\\Http\\Request))
#29 C:\\Users\\sam\\Documents\\File_Coding\\HTML_CSS_JAVASCRIPT_dan_GAMBAR\\Kuliah\\airlines\\vendor\\laravel\\framework\\src\\Illuminate\\Foundation\\Http\\Kernel.php(200): Illuminate\\Routing\\Router->dispatch(Object(Illuminate\\Http\\Request))
#30 C:\\Users\\sam\\Documents\\File_Coding\\HTML_CSS_JAVASCRIPT_dan_GAMBAR\\Kuliah\\airlines\\vendor\\laravel\\framework\\src\\Illuminate\\Pipeline\\Pipeline.php(180): Illuminate\\Foundation\\Http\\Kernel->{closure:Illuminate\\Foundation\\Http\\Kernel::dispatchToRouter():197}(Object(Illuminate\\Http\\Request))
#31 C:\\Users\\sam\\Documents\\File_Coding\\HTML_CSS_JAVASCRIPT_dan_GAMBAR\\Kuliah\\airlines\\vendor\\laravel\\framework\\src\\Illuminate\\Foundation\\Http\\Middleware\\TransformsRequest.php(21): Illuminate\\Pipeline\\Pipeline->{closure:Illuminate\\Pipeline\\Pipeline::prepareDestination():178}(Object(Illuminate\\Http\\Request))
#32 C:\\Users\\sam\\Documents\\File_Coding\\HTML_CSS_JAVASCRIPT_dan_GAMBAR\\Kuliah\\airlines\\vendor\\laravel\\framework\\src\\Illuminate\\Foundation\\Http\\Middleware\\ConvertEmptyStringsToNull.php(31): Illuminate\\Foundation\\Http\\Middleware\\TransformsRequest->handle(Object(Illuminate\\Http\\Request), Object(Closure))
#33 C:\\Users\\sam\\Documents\\File_Coding\\HTML_CSS_JAVASCRIPT_dan_GAMBAR\\Kuliah\\airlines\\vendor\\laravel\\framework\\src\\Illuminate\\Pipeline\\Pipeline.php(219): Illuminate\\Foundation\\Http\\Middleware\\ConvertEmptyStringsToNull->handle(Object(Illuminate\\Http\\Request), Object(Closure))
#34 C:\\Users\\sam\\Documents\\File_Coding\\HTML_CSS_JAVASCRIPT_dan_GAMBAR\\Kuliah\\airlines\\vendor\\laravel\\framework\\src\\Illuminate\\Foundation\\Http\\Middleware\\TransformsRequest.php(21): Illuminate\\Pipeline\\Pipeline->{closure:{closure:Illuminate\\Pipeline\\Pipeline::carry():194}:195}(Object(Illuminate\\Http\\Request))
#35 C:\\Users\\sam\\Documents\\File_Coding\\HTML_CSS_JAVASCRIPT_dan_GAMBAR\\Kuliah\\airlines\\vendor\\laravel\\framework\\src\\Illuminate\\Foundation\\Http\\Middleware\\TrimStrings.php(51): Illuminate\\Foundation\\Http\\Middleware\\TransformsRequest->handle(Object(Illuminate\\Http\\Request), Object(Closure))
#36 C:\\Users\\sam\\Documents\\File_Coding\\HTML_CSS_JAVASCRIPT_dan_GAMBAR\\Kuliah\\airlines\\vendor\\laravel\\framework\\src\\Illuminate\\Pipeline\\Pipeline.php(219): Illuminate\\Foundation\\Http\\Middleware\\TrimStrings->handle(Object(Illuminate\\Http\\Request), Object(Closure))
#37 C:\\Users\\sam\\Documents\\File_Coding\\HTML_CSS_JAVASCRIPT_dan_GAMBAR\\Kuliah\\airlines\\vendor\\laravel\\framework\\src\\Illuminate\\Http\\Middleware\\ValidatePostSize.php(27): Illuminate\\Pipeline\\Pipeline->{closure:{closure:Illuminate\\Pipeline\\Pipeline::carry():194}:195}(Object(Illuminate\\Http\\Request))
#38 C:\\Users\\sam\\Documents\\File_Coding\\HTML_CSS_JAVASCRIPT_dan_GAMBAR\\Kuliah\\airlines\\vendor\\laravel\\framework\\src\\Illuminate\\Pipeline\\Pipeline.php(219): Illuminate\\Http\\Middleware\\ValidatePostSize->handle(Object(Illuminate\\Http\\Request), Object(Closure))
#39 C:\\Users\\sam\\Documents\\File_Coding\\HTML_CSS_JAVASCRIPT_dan_GAMBAR\\Kuliah\\airlines\\vendor\\laravel\\framework\\src\\Illuminate\\Foundation\\Http\\Middleware\\PreventRequestsDuringMaintenance.php(109): Illuminate\\Pipeline\\Pipeline->{closure:{closure:Illuminate\\Pipeline\\Pipeline::carry():194}:195}(Object(Illuminate\\Http\\Request))
#40 C:\\Users\\sam\\Documents\\File_Coding\\HTML_CSS_JAVASCRIPT_dan_GAMBAR\\Kuliah\\airlines\\vendor\\laravel\\framework\\src\\Illuminate\\Pipeline\\Pipeline.php(219): Illuminate\\Foundation\\Http\\Middleware\\PreventRequestsDuringMaintenance->handle(Object(Illuminate\\Http\\Request), Object(Closure))
#41 C:\\Users\\sam\\Documents\\File_Coding\\HTML_CSS_JAVASCRIPT_dan_GAMBAR\\Kuliah\\airlines\\vendor\\laravel\\framework\\src\\Illuminate\\Http\\Middleware\\HandleCors.php(48): Illuminate\\Pipeline\\Pipeline->{closure:{closure:Illuminate\\Pipeline\\Pipeline::carry():194}:195}(Object(Illuminate\\Http\\Request))
#42 C:\\Users\\sam\\Documents\\File_Coding\\HTML_CSS_JAVASCRIPT_dan_GAMBAR\\Kuliah\\airlines\\vendor\\laravel\\framework\\src\\Illuminate\\Pipeline\\Pipeline.php(219): Illuminate\\Http\\Middleware\\HandleCors->handle(Object(Illuminate\\Http\\Request), Object(Closure))
#43 C:\\Users\\sam\\Documents\\File_Coding\\HTML_CSS_JAVASCRIPT_dan_GAMBAR\\Kuliah\\airlines\\vendor\\laravel\\framework\\src\\Illuminate\\Http\\Middleware\\TrustProxies.php(58): Illuminate\\Pipeline\\Pipeline->{closure:{closure:Illuminate\\Pipeline\\Pipeline::carry():194}:195}(Object(Illuminate\\Http\\Request))
#44 C:\\Users\\sam\\Documents\\File_Coding\\HTML_CSS_JAVASCRIPT_dan_GAMBAR\\Kuliah\\airlines\\vendor\\laravel\\framework\\src\\Illuminate\\Pipeline\\Pipeline.php(219): Illuminate\\Http\\Middleware\\TrustProxies->handle(Object(Illuminate\\Http\\Request), Object(Closure))
#45 C:\\Users\\sam\\Documents\\File_Coding\\HTML_CSS_JAVASCRIPT_dan_GAMBAR\\Kuliah\\airlines\\vendor\\laravel\\framework\\src\\Illuminate\\Foundation\\Http\\Middleware\\InvokeDeferredCallbacks.php(22): Illuminate\\Pipeline\\Pipeline->{closure:{closure:Illuminate\\Pipeline\\Pipeline::carry():194}:195}(Object(Illuminate\\Http\\Request))
#46 C:\\Users\\sam\\Documents\\File_Coding\\HTML_CSS_JAVASCRIPT_dan_GAMBAR\\Kuliah\\airlines\\vendor\\laravel\\framework\\src\\Illuminate\\Pipeline\\Pipeline.php(219): Illuminate\\Foundation\\Http\\Middleware\\InvokeDeferredCallbacks->handle(Object(Illuminate\\Http\\Request), Object(Closure))
#47 C:\\Users\\sam\\Documents\\File_Coding\\HTML_CSS_JAVASCRIPT_dan_GAMBAR\\Kuliah\\airlines\\vendor\\laravel\\framework\\src\\Illuminate\\Http\\Middleware\\ValidatePathEncoding.php(26): Illuminate\\Pipeline\\Pipeline->{closure:{closure:Illuminate\\Pipeline\\Pipeline::carry():194}:195}(Object(Illuminate\\Http\\Request))
#48 C:\\Users\\sam\\Documents\\File_Coding\\HTML_CSS_JAVASCRIPT_dan_GAMBAR\\Kuliah\\airlines\\vendor\\laravel\\framework\\src\\Illuminate\\Pipeline\\Pipeline.php(219): Illuminate\\Http\\Middleware\\ValidatePathEncoding->handle(Object(Illuminate\\Http\\Request), Object(Closure))
#49 C:\\Users\\sam\\Documents\\File_Coding\\HTML_CSS_JAVASCRIPT_dan_GAMBAR\\Kuliah\\airlines\\vendor\\laravel\\framework\\src\\Illuminate\\Pipeline\\Pipeline.php(137): Illuminate\\Pipeline\\Pipeline->{closure:{closure:Illuminate\\Pipeline\\Pipeline::carry():194}:195}(Object(Illuminate\\Http\\Request))
#50 C:\\Users\\sam\\Documents\\File_Coding\\HTML_CSS_JAVASCRIPT_dan_GAMBAR\\Kuliah\\airlines\\vendor\\laravel\\framework\\src\\Illuminate\\Foundation\\Http\\Kernel.php(175): Illuminate\\Pipeline\\Pipeline->then(Object(Closure))
#51 C:\\Users\\sam\\Documents\\File_Coding\\HTML_CSS_JAVASCRIPT_dan_GAMBAR\\Kuliah\\airlines\\vendor\\laravel\\framework\\src\\Illuminate\\Foundation\\Http\\Kernel.php(144): Illuminate\\Foundation\\Http\\Kernel->sendRequestThroughRouter(Object(Illuminate\\Http\\Request))
#52 C:\\Users\\sam\\Documents\\File_Coding\\HTML_CSS_JAVASCRIPT_dan_GAMBAR\\Kuliah\\airlines\\vendor\\laravel\\framework\\src\\Illuminate\\Foundation\\Application.php(1220): Illuminate\\Foundation\\Http\\Kernel->handle(Object(Illuminate\\Http\\Request))
#53 C:\\Users\\sam\\Documents\\File_Coding\\HTML_CSS_JAVASCRIPT_dan_GAMBAR\\Kuliah\\airlines\\public\\index.php(20): Illuminate\\Foundation\\Application->handleRequest(Object(Illuminate\\Http\\Request))
#54 C:\\Users\\sam\\Documents\\File_Coding\\HTML_CSS_JAVASCRIPT_dan_GAMBAR\\Kuliah\\airlines\\vendor\\laravel\\framework\\src\\Illuminate\\Foundation\\resources\\server.php(23): require_once('C:\\\\Users\\\\sam\\\\Do...')
#55 {main}
"} 
[2025-12-08 05:37:06] local.ERROR: SQLSTATE[42S02]: Base table or view not found: 1932 Table 'abadiairlines.sessions' doesn't exist in engine (Connection: mysql, SQL: select * from `sessions` where `id` = qFpIaSIT9TFSaYskPrYtDubyoXRNDsn16ZqkfzeO limit 1) {"exception":"[object] (Illuminate\\Database\\QueryException(code: 42S02): SQLSTATE[42S02]: Base table or view not found: 1932 Table 'abadiairlines.sessions' doesn't exist in engine (Connection: mysql, SQL: select * from `sessions` where `id` = qFpIaSIT9TFSaYskPrYtDubyoXRNDsn16ZqkfzeO limit 1) at C:\\Users\\sam\\Documents\\File_Coding\\HTML_CSS_JAVASCRIPT_dan_GAMBAR\\Kuliah\\airlines\\vendor\\laravel\\framework\\src\\Illuminate\\Database\\Connection.php:824)
[stacktrace]
#0 C:\\Users\\sam\\Documents\\File_Coding\\HTML_CSS_JAVASCRIPT_dan_GAMBAR\\Kuliah\\airlines\\vendor\\laravel\\framework\\src\\Illuminate\\Database\\Connection.php(778): Illuminate\\Database\\Connection->runQueryCallback('select * from `...', Array, Object(Closure))
#1 C:\\Users\\sam\\Documents\\File_Coding\\HTML_CSS_JAVASCRIPT_dan_GAMBAR\\Kuliah\\airlines\\vendor\\laravel\\framework\\src\\Illuminate\\Database\\Connection.php(397): Illuminate\\Database\\Connection->run('select * from `...', Array, Object(Closure))
#2 C:\\Users\\sam\\Documents\\File_Coding\\HTML_CSS_JAVASCRIPT_dan_GAMBAR\\Kuliah\\airlines\\vendor\\laravel\\framework\\src\\Illuminate\\Database\\Query\\Builder.php(3188): Illuminate\\Database\\Connection->select('select * from `...', Array, false)
#3 C:\\Users\\sam\\Documents\\File_Coding\\HTML_CSS_JAVASCRIPT_dan_GAMBAR\\Kuliah\\airlines\\vendor\\laravel\\framework\\src\\Illuminate\\Database\\Query\\Builder.php(3173): Illuminate\\Database\\Query\\Builder->runSelect()
#4 C:\\Users\\sam\\Documents\\File_Coding\\HTML_CSS_JAVASCRIPT_dan_GAMBAR\\Kuliah\\airlines\\vendor\\laravel\\framework\\src\\Illuminate\\Database\\Query\\Builder.php(3763): Illuminate\\Database\\Query\\Builder->{closure:Illuminate\\Database\\Query\\Builder::get():3172}()
#5 C:\\Users\\sam\\Documents\\File_Coding\\HTML_CSS_JAVASCRIPT_dan_GAMBAR\\Kuliah\\airlines\\vendor\\laravel\\framework\\src\\Illuminate\\Database\\Query\\Builder.php(3172): Illuminate\\Database\\Query\\Builder->onceWithColumns(Array, Object(Closure))
#6 C:\\Users\\sam\\Documents\\File_Coding\\HTML_CSS_JAVASCRIPT_dan_GAMBAR\\Kuliah\\airlines\\vendor\\laravel\\framework\\src\\Illuminate\\Database\\Concerns\\BuildsQueries.php(366): Illuminate\\Database\\Query\\Builder->get(Array)
#7 C:\\Users\\sam\\Documents\\File_Coding\\HTML_CSS_JAVASCRIPT_dan_GAMBAR\\Kuliah\\airlines\\vendor\\laravel\\framework\\src\\Illuminate\\Database\\Query\\Builder.php(3095): Illuminate\\Database\\Query\\Builder->first(Array)
#8 C:\\Users\\sam\\Documents\\File_Coding\\HTML_CSS_JAVASCRIPT_dan_GAMBAR\\Kuliah\\airlines\\vendor\\laravel\\framework\\src\\Illuminate\\Session\\DatabaseSessionHandler.php(96): Illuminate\\Database\\Query\\Builder->find('qFpIaSIT9TFSaYs...')
#9 C:\\Users\\sam\\Documents\\File_Coding\\HTML_CSS_JAVASCRIPT_dan_GAMBAR\\Kuliah\\airlines\\vendor\\laravel\\framework\\src\\Illuminate\\Session\\Store.php(117): Illuminate\\Session\\DatabaseSessionHandler->read('qFpIaSIT9TFSaYs...')
#10 C:\\Users\\sam\\Documents\\File_Coding\\HTML_CSS_JAVASCRIPT_dan_GAMBAR\\Kuliah\\airlines\\vendor\\laravel\\framework\\src\\Illuminate\\Session\\Store.php(105): Illuminate\\Session\\Store->readFromHandler()
#11 C:\\Users\\sam\\Documents\\File_Coding\\HTML_CSS_JAVASCRIPT_dan_GAMBAR\\Kuliah\\airlines\\vendor\\laravel\\framework\\src\\Illuminate\\Session\\Store.php(89): Illuminate\\Session\\Store->loadSession()
#12 C:\\Users\\sam\\Documents\\File_Coding\\HTML_CSS_JAVASCRIPT_dan_GAMBAR\\Kuliah\\airlines\\vendor\\laravel\\framework\\src\\Illuminate\\Session\\Middleware\\StartSession.php(146): Illuminate\\Session\\Store->start()
#13 C:\\Users\\sam\\Documents\\File_Coding\\HTML_CSS_JAVASCRIPT_dan_GAMBAR\\Kuliah\\airlines\\vendor\\laravel\\framework\\src\\Illuminate\\Support\\helpers.php(390): Illuminate\\Session\\Middleware\\StartSession->{closure:Illuminate\\Session\\Middleware\\StartSession::startSession():143}(Object(Illuminate\\Session\\Store))
#14 C:\\Users\\sam\\Documents\\File_Coding\\HTML_CSS_JAVASCRIPT_dan_GAMBAR\\Kuliah\\airlines\\vendor\\laravel\\framework\\src\\Illuminate\\Session\\Middleware\\StartSession.php(143): tap(Object(Illuminate\\Session\\Store), Object(Closure))
#15 C:\\Users\\sam\\Documents\\File_Coding\\HTML_CSS_JAVASCRIPT_dan_GAMBAR\\Kuliah\\airlines\\vendor\\laravel\\framework\\src\\Illuminate\\Session\\Middleware\\StartSession.php(115): Illuminate\\Session\\Middleware\\StartSession->startSession(Object(Illuminate\\Http\\Request), Object(Illuminate\\Session\\Store))
#16 C:\\Users\\sam\\Documents\\File_Coding\\HTML_CSS_JAVASCRIPT_dan_GAMBAR\\Kuliah\\airlines\\vendor\\laravel\\framework\\src\\Illuminate\\Session\\Middleware\\StartSession.php(63): Illuminate\\Session\\Middleware\\StartSession->handleStatefulRequest(Object(Illuminate\\Http\\Request), Object(Illuminate\\Session\\Store), Object(Closure))
#17 C:\\Users\\sam\\Documents\\File_Coding\\HTML_CSS_JAVASCRIPT_dan_GAMBAR\\Kuliah\\airlines\\vendor\\laravel\\framework\\src\\Illuminate\\Pipeline\\Pipeline.php(219): Illuminate\\Session\\Middleware\\StartSession->handle(Object(Illuminate\\Http\\Request), Object(Closure))
#18 C:\\Users\\sam\\Documents\\File_Coding\\HTML_CSS_JAVASCRIPT_dan_GAMBAR\\Kuliah\\airlines\\vendor\\laravel\\framework\\src\\Illuminate\\Cookie\\Middleware\\AddQueuedCookiesToResponse.php(36): Illuminate\\Pipeline\\Pipeline->{closure:{closure:Illuminate\\Pipeline\\Pipeline::carry():194}:195}(Object(Illuminate\\Http\\Request))
#19 C:\\Users\\sam\\Documents\\File_Coding\\HTML_CSS_JAVASCRIPT_dan_GAMBAR\\Kuliah\\airlines\\vendor\\laravel\\framework\\src\\Illuminate\\Pipeline\\Pipeline.php(219): Illuminate\\Cookie\\Middleware\\AddQueuedCookiesToResponse->handle(Object(Illuminate\\Http\\Request), Object(Closure))
#20 C:\\Users\\sam\\Documents\\File_Coding\\HTML_CSS_JAVASCRIPT_dan_GAMBAR\\Kuliah\\airlines\\vendor\\laravel\\framework\\src\\Illuminate\\Cookie\\Middleware\\EncryptCookies.php(74): Illuminate\\Pipeline\\Pipeline->{closure:{closure:Illuminate\\Pipeline\\Pipeline::carry():194}:195}(Object(Illuminate\\Http\\Request))
#21 C:\\Users\\sam\\Documents\\File_Coding\\HTML_CSS_JAVASCRIPT_dan_GAMBAR\\Kuliah\\airlines\\vendor\\laravel\\framework\\src\\Illuminate\\Pipeline\\Pipeline.php(219): Illuminate\\Cookie\\Middleware\\EncryptCookies->handle(Object(Illuminate\\Http\\Request), Object(Closure))
#22 C:\\Users\\sam\\Documents\\File_Coding\\HTML_CSS_JAVASCRIPT_dan_GAMBAR\\Kuliah\\airlines\\vendor\\laravel\\framework\\src\\Illuminate\\Pipeline\\Pipeline.php(137): Illuminate\\Pipeline\\Pipeline->{closure:{closure:Illuminate\\Pipeline\\Pipeline::carry():194}:195}(Object(Illuminate\\Http\\Request))
#23 C:\\Users\\sam\\Documents\\File_Coding\\HTML_CSS_JAVASCRIPT_dan_GAMBAR\\Kuliah\\airlines\\vendor\\laravel\\framework\\src\\Illuminate\\Routing\\Router.php(821): Illuminate\\Pipeline\\Pipeline->then(Object(Closure))
#24 C:\\Users\\sam\\Documents\\File_Coding\\HTML_CSS_JAVASCRIPT_dan_GAMBAR\\Kuliah\\airlines\\vendor\\laravel\\framework\\src\\Illuminate\\Routing\\Router.php(800): Illuminate\\Routing\\Router->runRouteWithinStack(Object(Illuminate\\Routing\\Route), Object(Illuminate\\Http\\Request))
#25 C:\\Users\\sam\\Documents\\File_Coding\\HTML_CSS_JAVASCRIPT_dan_GAMBAR\\Kuliah\\airlines\\vendor\\laravel\\framework\\src\\Illuminate\\Routing\\Router.php(764): Illuminate\\Routing\\Router->runRoute(Object(Illuminate\\Http\\Request), Object(Illuminate\\Routing\\Route))
#26 C:\\Users\\sam\\Documents\\File_Coding\\HTML_CSS_JAVASCRIPT_dan_GAMBAR\\Kuliah\\airlines\\vendor\\laravel\\framework\\src\\Illuminate\\Routing\\Router.php(753): Illuminate\\Routing\\Router->dispatchToRoute(Object(Illuminate\\Http\\Request))
#27 C:\\Users\\sam\\Documents\\File_Coding\\HTML_CSS_JAVASCRIPT_dan_GAMBAR\\Kuliah\\airlines\\vendor\\laravel\\framework\\src\\Illuminate\\Foundation\\Http\\Kernel.php(200): Illuminate\\Routing\\Router->dispatch(Object(Illuminate\\Http\\Request))
#28 C:\\Users\\sam\\Documents\\File_Coding\\HTML_CSS_JAVASCRIPT_dan_GAMBAR\\Kuliah\\airlines\\vendor\\laravel\\framework\\src\\Illuminate\\Pipeline\\Pipeline.php(180): Illuminate\\Foundation\\Http\\Kernel->{closure:Illuminate\\Foundation\\Http\\Kernel::dispatchToRouter():197}(Object(Illuminate\\Http\\Request))
#29 C:\\Users\\sam\\Documents\\File_Coding\\HTML_CSS_JAVASCRIPT_dan_GAMBAR\\Kuliah\\airlines\\vendor\\laravel\\framework\\src\\Illuminate\\Foundation\\Http\\Middleware\\TransformsRequest.php(21): Illuminate\\Pipeline\\Pipeline->{closure:Illuminate\\Pipeline\\Pipeline::prepareDestination():178}(Object(Illuminate\\Http\\Request))
#30 C:\\Users\\sam\\Documents\\File_Coding\\HTML_CSS_JAVASCRIPT_dan_GAMBAR\\Kuliah\\airlines\\vendor\\laravel\\framework\\src\\Illuminate\\Foundation\\Http\\Middleware\\ConvertEmptyStringsToNull.php(31): Illuminate\\Foundation\\Http\\Middleware\\TransformsRequest->handle(Object(Illuminate\\Http\\Request), Object(Closure))
#31 C:\\Users\\sam\\Documents\\File_Coding\\HTML_CSS_JAVASCRIPT_dan_GAMBAR\\Kuliah\\airlines\\vendor\\laravel\\framework\\src\\Illuminate\\Pipeline\\Pipeline.php(219): Illuminate\\Foundation\\Http\\Middleware\\ConvertEmptyStringsToNull->handle(Object(Illuminate\\Http\\Request), Object(Closure))
#32 C:\\Users\\sam\\Documents\\File_Coding\\HTML_CSS_JAVASCRIPT_dan_GAMBAR\\Kuliah\\airlines\\vendor\\laravel\\framework\\src\\Illuminate\\Foundation\\Http\\Middleware\\TransformsRequest.php(21): Illuminate\\Pipeline\\Pipeline->{closure:{closure:Illuminate\\Pipeline\\Pipeline::carry():194}:195}(Object(Illuminate\\Http\\Request))
#33 C:\\Users\\sam\\Documents\\File_Coding\\HTML_CSS_JAVASCRIPT_dan_GAMBAR\\Kuliah\\airlines\\vendor\\laravel\\framework\\src\\Illuminate\\Foundation\\Http\\Middleware\\TrimStrings.php(51): Illuminate\\Foundation\\Http\\Middleware\\TransformsRequest->handle(Object(Illuminate\\Http\\Request), Object(Closure))
#34 C:\\Users\\sam\\Documents\\File_Coding\\HTML_CSS_JAVASCRIPT_dan_GAMBAR\\Kuliah\\airlines\\vendor\\laravel\\framework\\src\\Illuminate\\Pipeline\\Pipeline.php(219): Illuminate\\Foundation\\Http\\Middleware\\TrimStrings->handle(Object(Illuminate\\Http\\Request), Object(Closure))
#35 C:\\Users\\sam\\Documents\\File_Coding\\HTML_CSS_JAVASCRIPT_dan_GAMBAR\\Kuliah\\airlines\\vendor\\laravel\\framework\\src\\Illuminate\\Http\\Middleware\\ValidatePostSize.php(27): Illuminate\\Pipeline\\Pipeline->{closure:{closure:Illuminate\\Pipeline\\Pipeline::carry():194}:195}(Object(Illuminate\\Http\\Request))
#36 C:\\Users\\sam\\Documents\\File_Coding\\HTML_CSS_JAVASCRIPT_dan_GAMBAR\\Kuliah\\airlines\\vendor\\laravel\\framework\\src\\Illuminate\\Pipeline\\Pipeline.php(219): Illuminate\\Http\\Middleware\\ValidatePostSize->handle(Object(Illuminate\\Http\\Request), Object(Closure))
#37 C:\\Users\\sam\\Documents\\File_Coding\\HTML_CSS_JAVASCRIPT_dan_GAMBAR\\Kuliah\\airlines\\vendor\\laravel\\framework\\src\\Illuminate\\Foundation\\Http\\Middleware\\PreventRequestsDuringMaintenance.php(109): Illuminate\\Pipeline\\Pipeline->{closure:{closure:Illuminate\\Pipeline\\Pipeline::carry():194}:195}(Object(Illuminate\\Http\\Request))
#38 C:\\Users\\sam\\Documents\\File_Coding\\HTML_CSS_JAVASCRIPT_dan_GAMBAR\\Kuliah\\airlines\\vendor\\laravel\\framework\\src\\Illuminate\\Pipeline\\Pipeline.php(219): Illuminate\\Foundation\\Http\\Middleware\\PreventRequestsDuringMaintenance->handle(Object(Illuminate\\Http\\Request), Object(Closure))
#39 C:\\Users\\sam\\Documents\\File_Coding\\HTML_CSS_JAVASCRIPT_dan_GAMBAR\\Kuliah\\airlines\\vendor\\laravel\\framework\\src\\Illuminate\\Http\\Middleware\\HandleCors.php(48): Illuminate\\Pipeline\\Pipeline->{closure:{closure:Illuminate\\Pipeline\\Pipeline::carry():194}:195}(Object(Illuminate\\Http\\Request))
#40 C:\\Users\\sam\\Documents\\File_Coding\\HTML_CSS_JAVASCRIPT_dan_GAMBAR\\Kuliah\\airlines\\vendor\\laravel\\framework\\src\\Illuminate\\Pipeline\\Pipeline.php(219): Illuminate\\Http\\Middleware\\HandleCors->handle(Object(Illuminate\\Http\\Request), Object(Closure))
#41 C:\\Users\\sam\\Documents\\File_Coding\\HTML_CSS_JAVASCRIPT_dan_GAMBAR\\Kuliah\\airlines\\vendor\\laravel\\framework\\src\\Illuminate\\Http\\Middleware\\TrustProxies.php(58): Illuminate\\Pipeline\\Pipeline->{closure:{closure:Illuminate\\Pipeline\\Pipeline::carry():194}:195}(Object(Illuminate\\Http\\Request))
#42 C:\\Users\\sam\\Documents\\File_Coding\\HTML_CSS_JAVASCRIPT_dan_GAMBAR\\Kuliah\\airlines\\vendor\\laravel\\framework\\src\\Illuminate\\Pipeline\\Pipeline.php(219): Illuminate\\Http\\Middleware\\TrustProxies->handle(Object(Illuminate\\Http\\Request), Object(Closure))
#43 C:\\Users\\sam\\Documents\\File_Coding\\HTML_CSS_JAVASCRIPT_dan_GAMBAR\\Kuliah\\airlines\\vendor\\laravel\\framework\\src\\Illuminate\\Foundation\\Http\\Middleware\\InvokeDeferredCallbacks.php(22): Illuminate\\Pipeline\\Pipeline->{closure:{closure:Illuminate\\Pipeline\\Pipeline::carry():194}:195}(Object(Illuminate\\Http\\Request))
#44 C:\\Users\\sam\\Documents\\File_Coding\\HTML_CSS_JAVASCRIPT_dan_GAMBAR\\Kuliah\\airlines\\vendor\\laravel\\framework\\src\\Illuminate\\Pipeline\\Pipeline.php(219): Illuminate\\Foundation\\Http\\Middleware\\InvokeDeferredCallbacks->handle(Object(Illuminate\\Http\\Request), Object(Closure))
#45 C:\\Users\\sam\\Documents\\File_Coding\\HTML_CSS_JAVASCRIPT_dan_GAMBAR\\Kuliah\\airlines\\vendor\\laravel\\framework\\src\\Illuminate\\Http\\Middleware\\ValidatePathEncoding.php(26): Illuminate\\Pipeline\\Pipeline->{closure:{closure:Illuminate\\Pipeline\\Pipeline::carry():194}:195}(Object(Illuminate\\Http\\Request))
#46 C:\\Users\\sam\\Documents\\File_Coding\\HTML_CSS_JAVASCRIPT_dan_GAMBAR\\Kuliah\\airlines\\vendor\\laravel\\framework\\src\\Illuminate\\Pipeline\\Pipeline.php(219): Illuminate\\Http\\Middleware\\ValidatePathEncoding->handle(Object(Illuminate\\Http\\Request), Object(Closure))
#47 C:\\Users\\sam\\Documents\\File_Coding\\HTML_CSS_JAVASCRIPT_dan_GAMBAR\\Kuliah\\airlines\\vendor\\laravel\\framework\\src\\Illuminate\\Pipeline\\Pipeline.php(137): Illuminate\\Pipeline\\Pipeline->{closure:{closure:Illuminate\\Pipeline\\Pipeline::carry():194}:195}(Object(Illuminate\\Http\\Request))
#48 C:\\Users\\sam\\Documents\\File_Coding\\HTML_CSS_JAVASCRIPT_dan_GAMBAR\\Kuliah\\airlines\\vendor\\laravel\\framework\\src\\Illuminate\\Foundation\\Http\\Kernel.php(175): Illuminate\\Pipeline\\Pipeline->then(Object(Closure))
#49 C:\\Users\\sam\\Documents\\File_Coding\\HTML_CSS_JAVASCRIPT_dan_GAMBAR\\Kuliah\\airlines\\vendor\\laravel\\framework\\src\\Illuminate\\Foundation\\Http\\Kernel.php(144): Illuminate\\Foundation\\Http\\Kernel->sendRequestThroughRouter(Object(Illuminate\\Http\\Request))
#50 C:\\Users\\sam\\Documents\\File_Coding\\HTML_CSS_JAVASCRIPT_dan_GAMBAR\\Kuliah\\airlines\\vendor\\laravel\\framework\\src\\Illuminate\\Foundation\\Application.php(1220): Illuminate\\Foundation\\Http\\Kernel->handle(Object(Illuminate\\Http\\Request))
#51 C:\\Users\\sam\\Documents\\File_Coding\\HTML_CSS_JAVASCRIPT_dan_GAMBAR\\Kuliah\\airlines\\public\\index.php(20): Illuminate\\Foundation\\Application->handleRequest(Object(Illuminate\\Http\\Request))
#52 C:\\Users\\sam\\Documents\\File_Coding\\HTML_CSS_JAVASCRIPT_dan_GAMBAR\\Kuliah\\airlines\\vendor\\laravel\\framework\\src\\Illuminate\\Foundation\\resources\\server.php(23): require_once('C:\\\\Users\\\\sam\\\\Do...')
#53 {main}

[previous exception] [object] (PDOException(code: 42S02): SQLSTATE[42S02]: Base table or view not found: 1932 Table 'abadiairlines.sessions' doesn't exist in engine at C:\\Users\\sam\\Documents\\File_Coding\\HTML_CSS_JAVASCRIPT_dan_GAMBAR\\Kuliah\\airlines\\vendor\\laravel\\framework\\src\\Illuminate\\Database\\Connection.php:406)
[stacktrace]
#0 C:\\Users\\sam\\Documents\\File_Coding\\HTML_CSS_JAVASCRIPT_dan_GAMBAR\\Kuliah\\airlines\\vendor\\laravel\\framework\\src\\Illuminate\\Database\\Connection.php(406): PDO->prepare('select * from `...')
#1 C:\\Users\\sam\\Documents\\File_Coding\\HTML_CSS_JAVASCRIPT_dan_GAMBAR\\Kuliah\\airlines\\vendor\\laravel\\framework\\src\\Illuminate\\Database\\Connection.php(811): Illuminate\\Database\\Connection->{closure:Illuminate\\Database\\Connection::select():397}('select * from `...', Array)
#2 C:\\Users\\sam\\Documents\\File_Coding\\HTML_CSS_JAVASCRIPT_dan_GAMBAR\\Kuliah\\airlines\\vendor\\laravel\\framework\\src\\Illuminate\\Database\\Connection.php(778): Illuminate\\Database\\Connection->runQueryCallback('select * from `...', Array, Object(Closure))
#3 C:\\Users\\sam\\Documents\\File_Coding\\HTML_CSS_JAVASCRIPT_dan_GAMBAR\\Kuliah\\airlines\\vendor\\laravel\\framework\\src\\Illuminate\\Database\\Connection.php(397): Illuminate\\Database\\Connection->run('select * from `...', Array, Object(Closure))
#4 C:\\Users\\sam\\Documents\\File_Coding\\HTML_CSS_JAVASCRIPT_dan_GAMBAR\\Kuliah\\airlines\\vendor\\laravel\\framework\\src\\Illuminate\\Database\\Query\\Builder.php(3188): Illuminate\\Database\\Connection->select('select * from `...', Array, false)
#5 C:\\Users\\sam\\Documents\\File_Coding\\HTML_CSS_JAVASCRIPT_dan_GAMBAR\\Kuliah\\airlines\\vendor\\laravel\\framework\\src\\Illuminate\\Database\\Query\\Builder.php(3173): Illuminate\\Database\\Query\\Builder->runSelect()
#6 C:\\Users\\sam\\Documents\\File_Coding\\HTML_CSS_JAVASCRIPT_dan_GAMBAR\\Kuliah\\airlines\\vendor\\laravel\\framework\\src\\Illuminate\\Database\\Query\\Builder.php(3763): Illuminate\\Database\\Query\\Builder->{closure:Illuminate\\Database\\Query\\Builder::get():3172}()
#7 C:\\Users\\sam\\Documents\\File_Coding\\HTML_CSS_JAVASCRIPT_dan_GAMBAR\\Kuliah\\airlines\\vendor\\laravel\\framework\\src\\Illuminate\\Database\\Query\\Builder.php(3172): Illuminate\\Database\\Query\\Builder->onceWithColumns(Array, Object(Closure))
#8 C:\\Users\\sam\\Documents\\File_Coding\\HTML_CSS_JAVASCRIPT_dan_GAMBAR\\Kuliah\\airlines\\vendor\\laravel\\framework\\src\\Illuminate\\Database\\Concerns\\BuildsQueries.php(366): Illuminate\\Database\\Query\\Builder->get(Array)
#9 C:\\Users\\sam\\Documents\\File_Coding\\HTML_CSS_JAVASCRIPT_dan_GAMBAR\\Kuliah\\airlines\\vendor\\laravel\\framework\\src\\Illuminate\\Database\\Query\\Builder.php(3095): Illuminate\\Database\\Query\\Builder->first(Array)
#10 C:\\Users\\sam\\Documents\\File_Coding\\HTML_CSS_JAVASCRIPT_dan_GAMBAR\\Kuliah\\airlines\\vendor\\laravel\\framework\\src\\Illuminate\\Session\\DatabaseSessionHandler.php(96): Illuminate\\Database\\Query\\Builder->find('qFpIaSIT9TFSaYs...')
#11 C:\\Users\\sam\\Documents\\File_Coding\\HTML_CSS_JAVASCRIPT_dan_GAMBAR\\Kuliah\\airlines\\vendor\\laravel\\framework\\src\\Illuminate\\Session\\Store.php(117): Illuminate\\Session\\DatabaseSessionHandler->read('qFpIaSIT9TFSaYs...')
#12 C:\\Users\\sam\\Documents\\File_Coding\\HTML_CSS_JAVASCRIPT_dan_GAMBAR\\Kuliah\\airlines\\vendor\\laravel\\framework\\src\\Illuminate\\Session\\Store.php(105): Illuminate\\Session\\Store->readFromHandler()
#13 C:\\Users\\sam\\Documents\\File_Coding\\HTML_CSS_JAVASCRIPT_dan_GAMBAR\\Kuliah\\airlines\\vendor\\laravel\\framework\\src\\Illuminate\\Session\\Store.php(89): Illuminate\\Session\\Store->loadSession()
#14 C:\\Users\\sam\\Documents\\File_Coding\\HTML_CSS_JAVASCRIPT_dan_GAMBAR\\Kuliah\\airlines\\vendor\\laravel\\framework\\src\\Illuminate\\Session\\Middleware\\StartSession.php(146): Illuminate\\Session\\Store->start()
#15 C:\\Users\\sam\\Documents\\File_Coding\\HTML_CSS_JAVASCRIPT_dan_GAMBAR\\Kuliah\\airlines\\vendor\\laravel\\framework\\src\\Illuminate\\Support\\helpers.php(390): Illuminate\\Session\\Middleware\\StartSession->{closure:Illuminate\\Session\\Middleware\\StartSession::startSession():143}(Object(Illuminate\\Session\\Store))
#16 C:\\Users\\sam\\Documents\\File_Coding\\HTML_CSS_JAVASCRIPT_dan_GAMBAR\\Kuliah\\airlines\\vendor\\laravel\\framework\\src\\Illuminate\\Session\\Middleware\\StartSession.php(143): tap(Object(Illuminate\\Session\\Store), Object(Closure))
#17 C:\\Users\\sam\\Documents\\File_Coding\\HTML_CSS_JAVASCRIPT_dan_GAMBAR\\Kuliah\\airlines\\vendor\\laravel\\framework\\src\\Illuminate\\Session\\Middleware\\StartSession.php(115): Illuminate\\Session\\Middleware\\StartSession->startSession(Object(Illuminate\\Http\\Request), Object(Illuminate\\Session\\Store))
#18 C:\\Users\\sam\\Documents\\File_Coding\\HTML_CSS_JAVASCRIPT_dan_GAMBAR\\Kuliah\\airlines\\vendor\\laravel\\framework\\src\\Illuminate\\Session\\Middleware\\StartSession.php(63): Illuminate\\Session\\Middleware\\StartSession->handleStatefulRequest(Object(Illuminate\\Http\\Request), Object(Illuminate\\Session\\Store), Object(Closure))
#19 C:\\Users\\sam\\Documents\\File_Coding\\HTML_CSS_JAVASCRIPT_dan_GAMBAR\\Kuliah\\airlines\\vendor\\laravel\\framework\\src\\Illuminate\\Pipeline\\Pipeline.php(219): Illuminate\\Session\\Middleware\\StartSession->handle(Object(Illuminate\\Http\\Request), Object(Closure))
#20 C:\\Users\\sam\\Documents\\File_Coding\\HTML_CSS_JAVASCRIPT_dan_GAMBAR\\Kuliah\\airlines\\vendor\\laravel\\framework\\src\\Illuminate\\Cookie\\Middleware\\AddQueuedCookiesToResponse.php(36): Illuminate\\Pipeline\\Pipeline->{closure:{closure:Illuminate\\Pipeline\\Pipeline::carry():194}:195}(Object(Illuminate\\Http\\Request))
#21 C:\\Users\\sam\\Documents\\File_Coding\\HTML_CSS_JAVASCRIPT_dan_GAMBAR\\Kuliah\\airlines\\vendor\\laravel\\framework\\src\\Illuminate\\Pipeline\\Pipeline.php(219): Illuminate\\Cookie\\Middleware\\AddQueuedCookiesToResponse->handle(Object(Illuminate\\Http\\Request), Object(Closure))
#22 C:\\Users\\sam\\Documents\\File_Coding\\HTML_CSS_JAVASCRIPT_dan_GAMBAR\\Kuliah\\airlines\\vendor\\laravel\\framework\\src\\Illuminate\\Cookie\\Middleware\\EncryptCookies.php(74): Illuminate\\Pipeline\\Pipeline->{closure:{closure:Illuminate\\Pipeline\\Pipeline::carry():194}:195}(Object(Illuminate\\Http\\Request))
#23 C:\\Users\\sam\\Documents\\File_Coding\\HTML_CSS_JAVASCRIPT_dan_GAMBAR\\Kuliah\\airlines\\vendor\\laravel\\framework\\src\\Illuminate\\Pipeline\\Pipeline.php(219): Illuminate\\Cookie\\Middleware\\EncryptCookies->handle(Object(Illuminate\\Http\\Request), Object(Closure))
#24 C:\\Users\\sam\\Documents\\File_Coding\\HTML_CSS_JAVASCRIPT_dan_GAMBAR\\Kuliah\\airlines\\vendor\\laravel\\framework\\src\\Illuminate\\Pipeline\\Pipeline.php(137): Illuminate\\Pipeline\\Pipeline->{closure:{closure:Illuminate\\Pipeline\\Pipeline::carry():194}:195}(Object(Illuminate\\Http\\Request))
#25 C:\\Users\\sam\\Documents\\File_Coding\\HTML_CSS_JAVASCRIPT_dan_GAMBAR\\Kuliah\\airlines\\vendor\\laravel\\framework\\src\\Illuminate\\Routing\\Router.php(821): Illuminate\\Pipeline\\Pipeline->then(Object(Closure))
#26 C:\\Users\\sam\\Documents\\File_Coding\\HTML_CSS_JAVASCRIPT_dan_GAMBAR\\Kuliah\\airlines\\vendor\\laravel\\framework\\src\\Illuminate\\Routing\\Router.php(800): Illuminate\\Routing\\Router->runRouteWithinStack(Object(Illuminate\\Routing\\Route), Object(Illuminate\\Http\\Request))
#27 C:\\Users\\sam\\Documents\\File_Coding\\HTML_CSS_JAVASCRIPT_dan_GAMBAR\\Kuliah\\airlines\\vendor\\laravel\\framework\\src\\Illuminate\\Routing\\Router.php(764): Illuminate\\Routing\\Router->runRoute(Object(Illuminate\\Http\\Request), Object(Illuminate\\Routing\\Route))
#28 C:\\Users\\sam\\Documents\\File_Coding\\HTML_CSS_JAVASCRIPT_dan_GAMBAR\\Kuliah\\airlines\\vendor\\laravel\\framework\\src\\Illuminate\\Routing\\Router.php(753): Illuminate\\Routing\\Router->dispatchToRoute(Object(Illuminate\\Http\\Request))
#29 C:\\Users\\sam\\Documents\\File_Coding\\HTML_CSS_JAVASCRIPT_dan_GAMBAR\\Kuliah\\airlines\\vendor\\laravel\\framework\\src\\Illuminate\\Foundation\\Http\\Kernel.php(200): Illuminate\\Routing\\Router->dispatch(Object(Illuminate\\Http\\Request))
#30 C:\\Users\\sam\\Documents\\File_Coding\\HTML_CSS_JAVASCRIPT_dan_GAMBAR\\Kuliah\\airlines\\vendor\\laravel\\framework\\src\\Illuminate\\Pipeline\\Pipeline.php(180): Illuminate\\Foundation\\Http\\Kernel->{closure:Illuminate\\Foundation\\Http\\Kernel::dispatchToRouter():197}(Object(Illuminate\\Http\\Request))
#31 C:\\Users\\sam\\Documents\\File_Coding\\HTML_CSS_JAVASCRIPT_dan_GAMBAR\\Kuliah\\airlines\\vendor\\laravel\\framework\\src\\Illuminate\\Foundation\\Http\\Middleware\\TransformsRequest.php(21): Illuminate\\Pipeline\\Pipeline->{closure:Illuminate\\Pipeline\\Pipeline::prepareDestination():178}(Object(Illuminate\\Http\\Request))
#32 C:\\Users\\sam\\Documents\\File_Coding\\HTML_CSS_JAVASCRIPT_dan_GAMBAR\\Kuliah\\airlines\\vendor\\laravel\\framework\\src\\Illuminate\\Foundation\\Http\\Middleware\\ConvertEmptyStringsToNull.php(31): Illuminate\\Foundation\\Http\\Middleware\\TransformsRequest->handle(Object(Illuminate\\Http\\Request), Object(Closure))
#33 C:\\Users\\sam\\Documents\\File_Coding\\HTML_CSS_JAVASCRIPT_dan_GAMBAR\\Kuliah\\airlines\\vendor\\laravel\\framework\\src\\Illuminate\\Pipeline\\Pipeline.php(219): Illuminate\\Foundation\\Http\\Middleware\\ConvertEmptyStringsToNull->handle(Object(Illuminate\\Http\\Request), Object(Closure))
#34 C:\\Users\\sam\\Documents\\File_Coding\\HTML_CSS_JAVASCRIPT_dan_GAMBAR\\Kuliah\\airlines\\vendor\\laravel\\framework\\src\\Illuminate\\Foundation\\Http\\Middleware\\TransformsRequest.php(21): Illuminate\\Pipeline\\Pipeline->{closure:{closure:Illuminate\\Pipeline\\Pipeline::carry():194}:195}(Object(Illuminate\\Http\\Request))
#35 C:\\Users\\sam\\Documents\\File_Coding\\HTML_CSS_JAVASCRIPT_dan_GAMBAR\\Kuliah\\airlines\\vendor\\laravel\\framework\\src\\Illuminate\\Foundation\\Http\\Middleware\\TrimStrings.php(51): Illuminate\\Foundation\\Http\\Middleware\\TransformsRequest->handle(Object(Illuminate\\Http\\Request), Object(Closure))
#36 C:\\Users\\sam\\Documents\\File_Coding\\HTML_CSS_JAVASCRIPT_dan_GAMBAR\\Kuliah\\airlines\\vendor\\laravel\\framework\\src\\Illuminate\\Pipeline\\Pipeline.php(219): Illuminate\\Foundation\\Http\\Middleware\\TrimStrings->handle(Object(Illuminate\\Http\\Request), Object(Closure))
#37 C:\\Users\\sam\\Documents\\File_Coding\\HTML_CSS_JAVASCRIPT_dan_GAMBAR\\Kuliah\\airlines\\vendor\\laravel\\framework\\src\\Illuminate\\Http\\Middleware\\ValidatePostSize.php(27): Illuminate\\Pipeline\\Pipeline->{closure:{closure:Illuminate\\Pipeline\\Pipeline::carry():194}:195}(Object(Illuminate\\Http\\Request))
#38 C:\\Users\\sam\\Documents\\File_Coding\\HTML_CSS_JAVASCRIPT_dan_GAMBAR\\Kuliah\\airlines\\vendor\\laravel\\framework\\src\\Illuminate\\Pipeline\\Pipeline.php(219): Illuminate\\Http\\Middleware\\ValidatePostSize->handle(Object(Illuminate\\Http\\Request), Object(Closure))
#39 C:\\Users\\sam\\Documents\\File_Coding\\HTML_CSS_JAVASCRIPT_dan_GAMBAR\\Kuliah\\airlines\\vendor\\laravel\\framework\\src\\Illuminate\\Foundation\\Http\\Middleware\\PreventRequestsDuringMaintenance.php(109): Illuminate\\Pipeline\\Pipeline->{closure:{closure:Illuminate\\Pipeline\\Pipeline::carry():194}:195}(Object(Illuminate\\Http\\Request))
#40 C:\\Users\\sam\\Documents\\File_Coding\\HTML_CSS_JAVASCRIPT_dan_GAMBAR\\Kuliah\\airlines\\vendor\\laravel\\framework\\src\\Illuminate\\Pipeline\\Pipeline.php(219): Illuminate\\Foundation\\Http\\Middleware\\PreventRequestsDuringMaintenance->handle(Object(Illuminate\\Http\\Request), Object(Closure))
#41 C:\\Users\\sam\\Documents\\File_Coding\\HTML_CSS_JAVASCRIPT_dan_GAMBAR\\Kuliah\\airlines\\vendor\\laravel\\framework\\src\\Illuminate\\Http\\Middleware\\HandleCors.php(48): Illuminate\\Pipeline\\Pipeline->{closure:{closure:Illuminate\\Pipeline\\Pipeline::carry():194}:195}(Object(Illuminate\\Http\\Request))
#42 C:\\Users\\sam\\Documents\\File_Coding\\HTML_CSS_JAVASCRIPT_dan_GAMBAR\\Kuliah\\airlines\\vendor\\laravel\\framework\\src\\Illuminate\\Pipeline\\Pipeline.php(219): Illuminate\\Http\\Middleware\\HandleCors->handle(Object(Illuminate\\Http\\Request), Object(Closure))
#43 C:\\Users\\sam\\Documents\\File_Coding\\HTML_CSS_JAVASCRIPT_dan_GAMBAR\\Kuliah\\airlines\\vendor\\laravel\\framework\\src\\Illuminate\\Http\\Middleware\\TrustProxies.php(58): Illuminate\\Pipeline\\Pipeline->{closure:{closure:Illuminate\\Pipeline\\Pipeline::carry():194}:195}(Object(Illuminate\\Http\\Request))
#44 C:\\Users\\sam\\Documents\\File_Coding\\HTML_CSS_JAVASCRIPT_dan_GAMBAR\\Kuliah\\airlines\\vendor\\laravel\\framework\\src\\Illuminate\\Pipeline\\Pipeline.php(219): Illuminate\\Http\\Middleware\\TrustProxies->handle(Object(Illuminate\\Http\\Request), Object(Closure))
#45 C:\\Users\\sam\\Documents\\File_Coding\\HTML_CSS_JAVASCRIPT_dan_GAMBAR\\Kuliah\\airlines\\vendor\\laravel\\framework\\src\\Illuminate\\Foundation\\Http\\Middleware\\InvokeDeferredCallbacks.php(22): Illuminate\\Pipeline\\Pipeline->{closure:{closure:Illuminate\\Pipeline\\Pipeline::carry():194}:195}(Object(Illuminate\\Http\\Request))
#46 C:\\Users\\sam\\Documents\\File_Coding\\HTML_CSS_JAVASCRIPT_dan_GAMBAR\\Kuliah\\airlines\\vendor\\laravel\\framework\\src\\Illuminate\\Pipeline\\Pipeline.php(219): Illuminate\\Foundation\\Http\\Middleware\\InvokeDeferredCallbacks->handle(Object(Illuminate\\Http\\Request), Object(Closure))
#47 C:\\Users\\sam\\Documents\\File_Coding\\HTML_CSS_JAVASCRIPT_dan_GAMBAR\\Kuliah\\airlines\\vendor\\laravel\\framework\\src\\Illuminate\\Http\\Middleware\\ValidatePathEncoding.php(26): Illuminate\\Pipeline\\Pipeline->{closure:{closure:Illuminate\\Pipeline\\Pipeline::carry():194}:195}(Object(Illuminate\\Http\\Request))
#48 C:\\Users\\sam\\Documents\\File_Coding\\HTML_CSS_JAVASCRIPT_dan_GAMBAR\\Kuliah\\airlines\\vendor\\laravel\\framework\\src\\Illuminate\\Pipeline\\Pipeline.php(219): Illuminate\\Http\\Middleware\\ValidatePathEncoding->handle(Object(Illuminate\\Http\\Request), Object(Closure))
#49 C:\\Users\\sam\\Documents\\File_Coding\\HTML_CSS_JAVASCRIPT_dan_GAMBAR\\Kuliah\\airlines\\vendor\\laravel\\framework\\src\\Illuminate\\Pipeline\\Pipeline.php(137): Illuminate\\Pipeline\\Pipeline->{closure:{closure:Illuminate\\Pipeline\\Pipeline::carry():194}:195}(Object(Illuminate\\Http\\Request))
#50 C:\\Users\\sam\\Documents\\File_Coding\\HTML_CSS_JAVASCRIPT_dan_GAMBAR\\Kuliah\\airlines\\vendor\\laravel\\framework\\src\\Illuminate\\Foundation\\Http\\Kernel.php(175): Illuminate\\Pipeline\\Pipeline->then(Object(Closure))
#51 C:\\Users\\sam\\Documents\\File_Coding\\HTML_CSS_JAVASCRIPT_dan_GAMBAR\\Kuliah\\airlines\\vendor\\laravel\\framework\\src\\Illuminate\\Foundation\\Http\\Kernel.php(144): Illuminate\\Foundation\\Http\\Kernel->sendRequestThroughRouter(Object(Illuminate\\Http\\Request))
#52 C:\\Users\\sam\\Documents\\File_Coding\\HTML_CSS_JAVASCRIPT_dan_GAMBAR\\Kuliah\\airlines\\vendor\\laravel\\framework\\src\\Illuminate\\Foundation\\Application.php(1220): Illuminate\\Foundation\\Http\\Kernel->handle(Object(Illuminate\\Http\\Request))
#53 C:\\Users\\sam\\Documents\\File_Coding\\HTML_CSS_JAVASCRIPT_dan_GAMBAR\\Kuliah\\airlines\\public\\index.php(20): Illuminate\\Foundation\\Application->handleRequest(Object(Illuminate\\Http\\Request))
#54 C:\\Users\\sam\\Documents\\File_Coding\\HTML_CSS_JAVASCRIPT_dan_GAMBAR\\Kuliah\\airlines\\vendor\\laravel\\framework\\src\\Illuminate\\Foundation\\resources\\server.php(23): require_once('C:\\\\Users\\\\sam\\\\Do...')
#55 {main}
"} 
[2025-12-08 05:38:20] local.ERROR: SQLSTATE[42S02]: Base table or view not found: 1932 Table 'abadiairlines.migrations' doesn't exist in engine (Connection: mysql, SQL: select `migration` from `migrations` order by `batch` asc, `migration` asc) {"exception":"[object] (Illuminate\\Database\\QueryException(code: 42S02): SQLSTATE[42S02]: Base table or view not found: 1932 Table 'abadiairlines.migrations' doesn't exist in engine (Connection: mysql, SQL: select `migration` from `migrations` order by `batch` asc, `migration` asc) at C:\\Users\\sam\\Documents\\File_Coding\\HTML_CSS_JAVASCRIPT_dan_GAMBAR\\Kuliah\\airlines\\vendor\\laravel\\framework\\src\\Illuminate\\Database\\Connection.php:824)
[stacktrace]
#0 C:\\Users\\sam\\Documents\\File_Coding\\HTML_CSS_JAVASCRIPT_dan_GAMBAR\\Kuliah\\airlines\\vendor\\laravel\\framework\\src\\Illuminate\\Database\\Connection.php(778): Illuminate\\Database\\Connection->runQueryCallback('select `migrati...', Array, Object(Closure))
#1 C:\\Users\\sam\\Documents\\File_Coding\\HTML_CSS_JAVASCRIPT_dan_GAMBAR\\Kuliah\\airlines\\vendor\\laravel\\framework\\src\\Illuminate\\Database\\Connection.php(397): Illuminate\\Database\\Connection->run('select `migrati...', Array, Object(Closure))
#2 C:\\Users\\sam\\Documents\\File_Coding\\HTML_CSS_JAVASCRIPT_dan_GAMBAR\\Kuliah\\airlines\\vendor\\laravel\\framework\\src\\Illuminate\\Database\\Query\\Builder.php(3188): Illuminate\\Database\\Connection->select('select `migrati...', Array, false)
#3 C:\\Users\\sam\\Documents\\File_Coding\\HTML_CSS_JAVASCRIPT_dan_GAMBAR\\Kuliah\\airlines\\vendor\\laravel\\framework\\src\\Illuminate\\Database\\Query\\Builder.php(3446): Illuminate\\Database\\Query\\Builder->runSelect()
#4 C:\\Users\\sam\\Documents\\File_Coding\\HTML_CSS_JAVASCRIPT_dan_GAMBAR\\Kuliah\\airlines\\vendor\\laravel\\framework\\src\\Illuminate\\Database\\Query\\Builder.php(3763): Illuminate\\Database\\Query\\Builder->{closure:Illuminate\\Database\\Query\\Builder::pluck():3444}()
#5 C:\\Users\\sam\\Documents\\File_Coding\\HTML_CSS_JAVASCRIPT_dan_GAMBAR\\Kuliah\\airlines\\vendor\\laravel\\framework\\src\\Illuminate\\Database\\Query\\Builder.php(3442): Illuminate\\Database\\Query\\Builder->onceWithColumns(Array, Object(Closure))
#6 C:\\Users\\sam\\Documents\\File_Coding\\HTML_CSS_JAVASCRIPT_dan_GAMBAR\\Kuliah\\airlines\\vendor\\laravel\\framework\\src\\Illuminate\\Database\\Migrations\\DatabaseMigrationRepository.php(52): Illuminate\\Database\\Query\\Builder->pluck('migration')
#7 C:\\Users\\sam\\Documents\\File_Coding\\HTML_CSS_JAVASCRIPT_dan_GAMBAR\\Kuliah\\airlines\\vendor\\laravel\\framework\\src\\Illuminate\\Database\\Migrations\\Migrator.php(763): Illuminate\\Database\\Migrations\\DatabaseMigrationRepository->getRan()
#8 C:\\Users\\sam\\Documents\\File_Coding\\HTML_CSS_JAVASCRIPT_dan_GAMBAR\\Kuliah\\airlines\\vendor\\laravel\\framework\\src\\Illuminate\\Database\\Console\\Migrations\\MigrateCommand.php(152): Illuminate\\Database\\Migrations\\Migrator->hasRunAnyMigrations()
#9 C:\\Users\\sam\\Documents\\File_Coding\\HTML_CSS_JAVASCRIPT_dan_GAMBAR\\Kuliah\\airlines\\vendor\\laravel\\framework\\src\\Illuminate\\Database\\Console\\Migrations\\MigrateCommand.php(110): Illuminate\\Database\\Console\\Migrations\\MigrateCommand->prepareDatabase()
#10 C:\\Users\\sam\\Documents\\File_Coding\\HTML_CSS_JAVASCRIPT_dan_GAMBAR\\Kuliah\\airlines\\vendor\\laravel\\framework\\src\\Illuminate\\Database\\Migrations\\Migrator.php(666): Illuminate\\Database\\Console\\Migrations\\MigrateCommand->{closure:Illuminate\\Database\\Console\\Migrations\\MigrateCommand::runMigrations():109}()
#11 C:\\Users\\sam\\Documents\\File_Coding\\HTML_CSS_JAVASCRIPT_dan_GAMBAR\\Kuliah\\airlines\\vendor\\laravel\\framework\\src\\Illuminate\\Database\\Console\\Migrations\\MigrateCommand.php(109): Illuminate\\Database\\Migrations\\Migrator->usingConnection(NULL, Object(Closure))
#12 C:\\Users\\sam\\Documents\\File_Coding\\HTML_CSS_JAVASCRIPT_dan_GAMBAR\\Kuliah\\airlines\\vendor\\laravel\\framework\\src\\Illuminate\\Database\\Console\\Migrations\\MigrateCommand.php(88): Illuminate\\Database\\Console\\Migrations\\MigrateCommand->runMigrations()
#13 C:\\Users\\sam\\Documents\\File_Coding\\HTML_CSS_JAVASCRIPT_dan_GAMBAR\\Kuliah\\airlines\\vendor\\laravel\\framework\\src\\Illuminate\\Container\\BoundMethod.php(36): Illuminate\\Database\\Console\\Migrations\\MigrateCommand->handle()
#14 C:\\Users\\sam\\Documents\\File_Coding\\HTML_CSS_JAVASCRIPT_dan_GAMBAR\\Kuliah\\airlines\\vendor\\laravel\\framework\\src\\Illuminate\\Container\\Util.php(43): Illuminate\\Container\\BoundMethod::{closure:Illuminate\\Container\\BoundMethod::call():35}()
#15 C:\\Users\\sam\\Documents\\File_Coding\\HTML_CSS_JAVASCRIPT_dan_GAMBAR\\Kuliah\\airlines\\vendor\\laravel\\framework\\src\\Illuminate\\Container\\BoundMethod.php(96): Illuminate\\Container\\Util::unwrapIfClosure(Object(Closure))
#16 C:\\Users\\sam\\Documents\\File_Coding\\HTML_CSS_JAVASCRIPT_dan_GAMBAR\\Kuliah\\airlines\\vendor\\laravel\\framework\\src\\Illuminate\\Container\\BoundMethod.php(35): Illuminate\\Container\\BoundMethod::callBoundMethod(Object(Illuminate\\Foundation\\Application), Array, Object(Closure))
#17 C:\\Users\\sam\\Documents\\File_Coding\\HTML_CSS_JAVASCRIPT_dan_GAMBAR\\Kuliah\\airlines\\vendor\\laravel\\framework\\src\\Illuminate\\Container\\Container.php(836): Illuminate\\Container\\BoundMethod::call(Object(Illuminate\\Foundation\\Application), Array, Array, NULL)
#18 C:\\Users\\sam\\Documents\\File_Coding\\HTML_CSS_JAVASCRIPT_dan_GAMBAR\\Kuliah\\airlines\\vendor\\laravel\\framework\\src\\Illuminate\\Console\\Command.php(211): Illuminate\\Container\\Container->call(Array)
#19 C:\\Users\\sam\\Documents\\File_Coding\\HTML_CSS_JAVASCRIPT_dan_GAMBAR\\Kuliah\\airlines\\vendor\\symfony\\console\\Command\\Command.php(318): Illuminate\\Console\\Command->execute(Object(Symfony\\Component\\Console\\Input\\ArgvInput), Object(Illuminate\\Console\\OutputStyle))
#20 C:\\Users\\sam\\Documents\\File_Coding\\HTML_CSS_JAVASCRIPT_dan_GAMBAR\\Kuliah\\airlines\\vendor\\laravel\\framework\\src\\Illuminate\\Console\\Command.php(180): Symfony\\Component\\Console\\Command\\Command->run(Object(Symfony\\Component\\Console\\Input\\ArgvInput), Object(Illuminate\\Console\\OutputStyle))
#21 C:\\Users\\sam\\Documents\\File_Coding\\HTML_CSS_JAVASCRIPT_dan_GAMBAR\\Kuliah\\airlines\\vendor\\symfony\\console\\Application.php(1110): Illuminate\\Console\\Command->run(Object(Symfony\\Component\\Console\\Input\\ArgvInput), Object(Symfony\\Component\\Console\\Output\\ConsoleOutput))
#22 C:\\Users\\sam\\Documents\\File_Coding\\HTML_CSS_JAVASCRIPT_dan_GAMBAR\\Kuliah\\airlines\\vendor\\symfony\\console\\Application.php(359): Symfony\\Component\\Console\\Application->doRunCommand(Object(Illuminate\\Database\\Console\\Migrations\\MigrateCommand), Object(Symfony\\Component\\Console\\Input\\ArgvInput), Object(Symfony\\Component\\Console\\Output\\ConsoleOutput))
#23 C:\\Users\\sam\\Documents\\File_Coding\\HTML_CSS_JAVASCRIPT_dan_GAMBAR\\Kuliah\\airlines\\vendor\\symfony\\console\\Application.php(194): Symfony\\Component\\Console\\Application->doRun(Object(Symfony\\Component\\Console\\Input\\ArgvInput), Object(Symfony\\Component\\Console\\Output\\ConsoleOutput))
#24 C:\\Users\\sam\\Documents\\File_Coding\\HTML_CSS_JAVASCRIPT_dan_GAMBAR\\Kuliah\\airlines\\vendor\\laravel\\framework\\src\\Illuminate\\Foundation\\Console\\Kernel.php(197): Symfony\\Component\\Console\\Application->run(Object(Symfony\\Component\\Console\\Input\\ArgvInput), Object(Symfony\\Component\\Console\\Output\\ConsoleOutput))
#25 C:\\Users\\sam\\Documents\\File_Coding\\HTML_CSS_JAVASCRIPT_dan_GAMBAR\\Kuliah\\airlines\\vendor\\laravel\\framework\\src\\Illuminate\\Foundation\\Application.php(1235): Illuminate\\Foundation\\Console\\Kernel->handle(Object(Symfony\\Component\\Console\\Input\\ArgvInput), Object(Symfony\\Component\\Console\\Output\\ConsoleOutput))
#26 C:\\Users\\sam\\Documents\\File_Coding\\HTML_CSS_JAVASCRIPT_dan_GAMBAR\\Kuliah\\airlines\\artisan(16): Illuminate\\Foundation\\Application->handleCommand(Object(Symfony\\Component\\Console\\Input\\ArgvInput))
#27 {main}

[previous exception] [object] (PDOException(code: 42S02): SQLSTATE[42S02]: Base table or view not found: 1932 Table 'abadiairlines.migrations' doesn't exist in engine at C:\\Users\\sam\\Documents\\File_Coding\\HTML_CSS_JAVASCRIPT_dan_GAMBAR\\Kuliah\\airlines\\vendor\\laravel\\framework\\src\\Illuminate\\Database\\Connection.php:406)
[stacktrace]
#0 C:\\Users\\sam\\Documents\\File_Coding\\HTML_CSS_JAVASCRIPT_dan_GAMBAR\\Kuliah\\airlines\\vendor\\laravel\\framework\\src\\Illuminate\\Database\\Connection.php(406): PDO->prepare('select `migrati...')
#1 C:\\Users\\sam\\Documents\\File_Coding\\HTML_CSS_JAVASCRIPT_dan_GAMBAR\\Kuliah\\airlines\\vendor\\laravel\\framework\\src\\Illuminate\\Database\\Connection.php(811): Illuminate\\Database\\Connection->{closure:Illuminate\\Database\\Connection::select():397}('select `migrati...', Array)
#2 C:\\Users\\sam\\Documents\\File_Coding\\HTML_CSS_JAVASCRIPT_dan_GAMBAR\\Kuliah\\airlines\\vendor\\laravel\\framework\\src\\Illuminate\\Database\\Connection.php(778): Illuminate\\Database\\Connection->runQueryCallback('select `migrati...', Array, Object(Closure))
#3 C:\\Users\\sam\\Documents\\File_Coding\\HTML_CSS_JAVASCRIPT_dan_GAMBAR\\Kuliah\\airlines\\vendor\\laravel\\framework\\src\\Illuminate\\Database\\Connection.php(397): Illuminate\\Database\\Connection->run('select `migrati...', Array, Object(Closure))
#4 C:\\Users\\sam\\Documents\\File_Coding\\HTML_CSS_JAVASCRIPT_dan_GAMBAR\\Kuliah\\airlines\\vendor\\laravel\\framework\\src\\Illuminate\\Database\\Query\\Builder.php(3188): Illuminate\\Database\\Connection->select('select `migrati...', Array, false)
#5 C:\\Users\\sam\\Documents\\File_Coding\\HTML_CSS_JAVASCRIPT_dan_GAMBAR\\Kuliah\\airlines\\vendor\\laravel\\framework\\src\\Illuminate\\Database\\Query\\Builder.php(3446): Illuminate\\Database\\Query\\Builder->runSelect()
#6 C:\\Users\\sam\\Documents\\File_Coding\\HTML_CSS_JAVASCRIPT_dan_GAMBAR\\Kuliah\\airlines\\vendor\\laravel\\framework\\src\\Illuminate\\Database\\Query\\Builder.php(3763): Illuminate\\Database\\Query\\Builder->{closure:Illuminate\\Database\\Query\\Builder::pluck():3444}()
#7 C:\\Users\\sam\\Documents\\File_Coding\\HTML_CSS_JAVASCRIPT_dan_GAMBAR\\Kuliah\\airlines\\vendor\\laravel\\framework\\src\\Illuminate\\Database\\Query\\Builder.php(3442): Illuminate\\Database\\Query\\Builder->onceWithColumns(Array, Object(Closure))
#8 C:\\Users\\sam\\Documents\\File_Coding\\HTML_CSS_JAVASCRIPT_dan_GAMBAR\\Kuliah\\airlines\\vendor\\laravel\\framework\\src\\Illuminate\\Database\\Migrations\\DatabaseMigrationRepository.php(52): Illuminate\\Database\\Query\\Builder->pluck('migration')
#9 C:\\Users\\sam\\Documents\\File_Coding\\HTML_CSS_JAVASCRIPT_dan_GAMBAR\\Kuliah\\airlines\\vendor\\laravel\\framework\\src\\Illuminate\\Database\\Migrations\\Migrator.php(763): Illuminate\\Database\\Migrations\\DatabaseMigrationRepository->getRan()
#10 C:\\Users\\sam\\Documents\\File_Coding\\HTML_CSS_JAVASCRIPT_dan_GAMBAR\\Kuliah\\airlines\\vendor\\laravel\\framework\\src\\Illuminate\\Database\\Console\\Migrations\\MigrateCommand.php(152): Illuminate\\Database\\Migrations\\Migrator->hasRunAnyMigrations()
#11 C:\\Users\\sam\\Documents\\File_Coding\\HTML_CSS_JAVASCRIPT_dan_GAMBAR\\Kuliah\\airlines\\vendor\\laravel\\framework\\src\\Illuminate\\Database\\Console\\Migrations\\MigrateCommand.php(110): Illuminate\\Database\\Console\\Migrations\\MigrateCommand->prepareDatabase()
#12 C:\\Users\\sam\\Documents\\File_Coding\\HTML_CSS_JAVASCRIPT_dan_GAMBAR\\Kuliah\\airlines\\vendor\\laravel\\framework\\src\\Illuminate\\Database\\Migrations\\Migrator.php(666): Illuminate\\Database\\Console\\Migrations\\MigrateCommand->{closure:Illuminate\\Database\\Console\\Migrations\\MigrateCommand::runMigrations():109}()
#13 C:\\Users\\sam\\Documents\\File_Coding\\HTML_CSS_JAVASCRIPT_dan_GAMBAR\\Kuliah\\airlines\\vendor\\laravel\\framework\\src\\Illuminate\\Database\\Console\\Migrations\\MigrateCommand.php(109): Illuminate\\Database\\Migrations\\Migrator->usingConnection(NULL, Object(Closure))
#14 C:\\Users\\sam\\Documents\\File_Coding\\HTML_CSS_JAVASCRIPT_dan_GAMBAR\\Kuliah\\airlines\\vendor\\laravel\\framework\\src\\Illuminate\\Database\\Console\\Migrations\\MigrateCommand.php(88): Illuminate\\Database\\Console\\Migrations\\MigrateCommand->runMigrations()
#15 C:\\Users\\sam\\Documents\\File_Coding\\HTML_CSS_JAVASCRIPT_dan_GAMBAR\\Kuliah\\airlines\\vendor\\laravel\\framework\\src\\Illuminate\\Container\\BoundMethod.php(36): Illuminate\\Database\\Console\\Migrations\\MigrateCommand->handle()
#16 C:\\Users\\sam\\Documents\\File_Coding\\HTML_CSS_JAVASCRIPT_dan_GAMBAR\\Kuliah\\airlines\\vendor\\laravel\\framework\\src\\Illuminate\\Container\\Util.php(43): Illuminate\\Container\\BoundMethod::{closure:Illuminate\\Container\\BoundMethod::call():35}()
#17 C:\\Users\\sam\\Documents\\File_Coding\\HTML_CSS_JAVASCRIPT_dan_GAMBAR\\Kuliah\\airlines\\vendor\\laravel\\framework\\src\\Illuminate\\Container\\BoundMethod.php(96): Illuminate\\Container\\Util::unwrapIfClosure(Object(Closure))
#18 C:\\Users\\sam\\Documents\\File_Coding\\HTML_CSS_JAVASCRIPT_dan_GAMBAR\\Kuliah\\airlines\\vendor\\laravel\\framework\\src\\Illuminate\\Container\\BoundMethod.php(35): Illuminate\\Container\\BoundMethod::callBoundMethod(Object(Illuminate\\Foundation\\Application), Array, Object(Closure))
#19 C:\\Users\\sam\\Documents\\File_Coding\\HTML_CSS_JAVASCRIPT_dan_GAMBAR\\Kuliah\\airlines\\vendor\\laravel\\framework\\src\\Illuminate\\Container\\Container.php(836): Illuminate\\Container\\BoundMethod::call(Object(Illuminate\\Foundation\\Application), Array, Array, NULL)
#20 C:\\Users\\sam\\Documents\\File_Coding\\HTML_CSS_JAVASCRIPT_dan_GAMBAR\\Kuliah\\airlines\\vendor\\laravel\\framework\\src\\Illuminate\\Console\\Command.php(211): Illuminate\\Container\\Container->call(Array)
#21 C:\\Users\\sam\\Documents\\File_Coding\\HTML_CSS_JAVASCRIPT_dan_GAMBAR\\Kuliah\\airlines\\vendor\\symfony\\console\\Command\\Command.php(318): Illuminate\\Console\\Command->execute(Object(Symfony\\Component\\Console\\Input\\ArgvInput), Object(Illuminate\\Console\\OutputStyle))
#22 C:\\Users\\sam\\Documents\\File_Coding\\HTML_CSS_JAVASCRIPT_dan_GAMBAR\\Kuliah\\airlines\\vendor\\laravel\\framework\\src\\Illuminate\\Console\\Command.php(180): Symfony\\Component\\Console\\Command\\Command->run(Object(Symfony\\Component\\Console\\Input\\ArgvInput), Object(Illuminate\\Console\\OutputStyle))
#23 C:\\Users\\sam\\Documents\\File_Coding\\HTML_CSS_JAVASCRIPT_dan_GAMBAR\\Kuliah\\airlines\\vendor\\symfony\\console\\Application.php(1110): Illuminate\\Console\\Command->run(Object(Symfony\\Component\\Console\\Input\\ArgvInput), Object(Symfony\\Component\\Console\\Output\\ConsoleOutput))
#24 C:\\Users\\sam\\Documents\\File_Coding\\HTML_CSS_JAVASCRIPT_dan_GAMBAR\\Kuliah\\airlines\\vendor\\symfony\\console\\Application.php(359): Symfony\\Component\\Console\\Application->doRunCommand(Object(Illuminate\\Database\\Console\\Migrations\\MigrateCommand), Object(Symfony\\Component\\Console\\Input\\ArgvInput), Object(Symfony\\Component\\Console\\Output\\ConsoleOutput))
#25 C:\\Users\\sam\\Documents\\File_Coding\\HTML_CSS_JAVASCRIPT_dan_GAMBAR\\Kuliah\\airlines\\vendor\\symfony\\console\\Application.php(194): Symfony\\Component\\Console\\Application->doRun(Object(Symfony\\Component\\Console\\Input\\ArgvInput), Object(Symfony\\Component\\Console\\Output\\ConsoleOutput))
#26 C:\\Users\\sam\\Documents\\File_Coding\\HTML_CSS_JAVASCRIPT_dan_GAMBAR\\Kuliah\\airlines\\vendor\\laravel\\framework\\src\\Illuminate\\Foundation\\Console\\Kernel.php(197): Symfony\\Component\\Console\\Application->run(Object(Symfony\\Component\\Console\\Input\\ArgvInput), Object(Symfony\\Component\\Console\\Output\\ConsoleOutput))
#27 C:\\Users\\sam\\Documents\\File_Coding\\HTML_CSS_JAVASCRIPT_dan_GAMBAR\\Kuliah\\airlines\\vendor\\laravel\\framework\\src\\Illuminate\\Foundation\\Application.php(1235): Illuminate\\Foundation\\Console\\Kernel->handle(Object(Symfony\\Component\\Console\\Input\\ArgvInput), Object(Symfony\\Component\\Console\\Output\\ConsoleOutput))
#28 C:\\Users\\sam\\Documents\\File_Coding\\HTML_CSS_JAVASCRIPT_dan_GAMBAR\\Kuliah\\airlines\\artisan(16): Illuminate\\Foundation\\Application->handleCommand(Object(Symfony\\Component\\Console\\Input\\ArgvInput))
#29 {main}
"} 
[2025-12-08 05:39:29] local.ERROR: SQLSTATE[42S02]: Base table or view not found: 1146 Table 'abadiairlines.cache' doesn't exist (Connection: mysql, SQL: delete from `cache`) {"exception":"[object] (Illuminate\\Database\\QueryException(code: 42S02): SQLSTATE[42S02]: Base table or view not found: 1146 Table 'abadiairlines.cache' doesn't exist (Connection: mysql, SQL: delete from `cache`) at C:\\Users\\sam\\Documents\\File_Coding\\HTML_CSS_JAVASCRIPT_dan_GAMBAR\\Kuliah\\airlines\\vendor\\laravel\\framework\\src\\Illuminate\\Database\\Connection.php:824)
[stacktrace]
#0 C:\\Users\\sam\\Documents\\File_Coding\\HTML_CSS_JAVASCRIPT_dan_GAMBAR\\Kuliah\\airlines\\vendor\\laravel\\framework\\src\\Illuminate\\Database\\Connection.php(778): Illuminate\\Database\\Connection->runQueryCallback('delete from `ca...', Array, Object(Closure))
#1 C:\\Users\\sam\\Documents\\File_Coding\\HTML_CSS_JAVASCRIPT_dan_GAMBAR\\Kuliah\\airlines\\vendor\\laravel\\framework\\src\\Illuminate\\Database\\Connection.php(583): Illuminate\\Database\\Connection->run('delete from `ca...', Array, Object(Closure))
#2 C:\\Users\\sam\\Documents\\File_Coding\\HTML_CSS_JAVASCRIPT_dan_GAMBAR\\Kuliah\\airlines\\vendor\\laravel\\framework\\src\\Illuminate\\Database\\Connection.php(547): Illuminate\\Database\\Connection->affectingStatement('delete from `ca...', Array)
#3 C:\\Users\\sam\\Documents\\File_Coding\\HTML_CSS_JAVASCRIPT_dan_GAMBAR\\Kuliah\\airlines\\vendor\\laravel\\framework\\src\\Illuminate\\Database\\Query\\Builder.php(4109): Illuminate\\Database\\Connection->delete('delete from `ca...', Array)
#4 C:\\Users\\sam\\Documents\\File_Coding\\HTML_CSS_JAVASCRIPT_dan_GAMBAR\\Kuliah\\airlines\\vendor\\laravel\\framework\\src\\Illuminate\\Cache\\DatabaseStore.php(423): Illuminate\\Database\\Query\\Builder->delete()
#5 C:\\Users\\sam\\Documents\\File_Coding\\HTML_CSS_JAVASCRIPT_dan_GAMBAR\\Kuliah\\airlines\\vendor\\laravel\\framework\\src\\Illuminate\\Cache\\Repository.php(807): Illuminate\\Cache\\DatabaseStore->flush()
#6 C:\\Users\\sam\\Documents\\File_Coding\\HTML_CSS_JAVASCRIPT_dan_GAMBAR\\Kuliah\\airlines\\vendor\\laravel\\framework\\src\\Illuminate\\Cache\\Console\\ClearCommand.php(68): Illuminate\\Cache\\Repository->__call('flush', Array)
#7 C:\\Users\\sam\\Documents\\File_Coding\\HTML_CSS_JAVASCRIPT_dan_GAMBAR\\Kuliah\\airlines\\vendor\\laravel\\framework\\src\\Illuminate\\Container\\BoundMethod.php(36): Illuminate\\Cache\\Console\\ClearCommand->handle()
#8 C:\\Users\\sam\\Documents\\File_Coding\\HTML_CSS_JAVASCRIPT_dan_GAMBAR\\Kuliah\\airlines\\vendor\\laravel\\framework\\src\\Illuminate\\Container\\Util.php(43): Illuminate\\Container\\BoundMethod::{closure:Illuminate\\Container\\BoundMethod::call():35}()
#9 C:\\Users\\sam\\Documents\\File_Coding\\HTML_CSS_JAVASCRIPT_dan_GAMBAR\\Kuliah\\airlines\\vendor\\laravel\\framework\\src\\Illuminate\\Container\\BoundMethod.php(96): Illuminate\\Container\\Util::unwrapIfClosure(Object(Closure))
#10 C:\\Users\\sam\\Documents\\File_Coding\\HTML_CSS_JAVASCRIPT_dan_GAMBAR\\Kuliah\\airlines\\vendor\\laravel\\framework\\src\\Illuminate\\Container\\BoundMethod.php(35): Illuminate\\Container\\BoundMethod::callBoundMethod(Object(Illuminate\\Foundation\\Application), Array, Object(Closure))
#11 C:\\Users\\sam\\Documents\\File_Coding\\HTML_CSS_JAVASCRIPT_dan_GAMBAR\\Kuliah\\airlines\\vendor\\laravel\\framework\\src\\Illuminate\\Container\\Container.php(836): Illuminate\\Container\\BoundMethod::call(Object(Illuminate\\Foundation\\Application), Array, Array, NULL)
#12 C:\\Users\\sam\\Documents\\File_Coding\\HTML_CSS_JAVASCRIPT_dan_GAMBAR\\Kuliah\\airlines\\vendor\\laravel\\framework\\src\\Illuminate\\Console\\Command.php(211): Illuminate\\Container\\Container->call(Array)
#13 C:\\Users\\sam\\Documents\\File_Coding\\HTML_CSS_JAVASCRIPT_dan_GAMBAR\\Kuliah\\airlines\\vendor\\symfony\\console\\Command\\Command.php(318): Illuminate\\Console\\Command->execute(Object(Symfony\\Component\\Console\\Input\\ArgvInput), Object(Illuminate\\Console\\OutputStyle))
#14 C:\\Users\\sam\\Documents\\File_Coding\\HTML_CSS_JAVASCRIPT_dan_GAMBAR\\Kuliah\\airlines\\vendor\\laravel\\framework\\src\\Illuminate\\Console\\Command.php(180): Symfony\\Component\\Console\\Command\\Command->run(Object(Symfony\\Component\\Console\\Input\\ArgvInput), Object(Illuminate\\Console\\OutputStyle))
#15 C:\\Users\\sam\\Documents\\File_Coding\\HTML_CSS_JAVASCRIPT_dan_GAMBAR\\Kuliah\\airlines\\vendor\\symfony\\console\\Application.php(1110): Illuminate\\Console\\Command->run(Object(Symfony\\Component\\Console\\Input\\ArgvInput), Object(Symfony\\Component\\Console\\Output\\ConsoleOutput))
#16 C:\\Users\\sam\\Documents\\File_Coding\\HTML_CSS_JAVASCRIPT_dan_GAMBAR\\Kuliah\\airlines\\vendor\\symfony\\console\\Application.php(359): Symfony\\Component\\Console\\Application->doRunCommand(Object(Illuminate\\Cache\\Console\\ClearCommand), Object(Symfony\\Component\\Console\\Input\\ArgvInput), Object(Symfony\\Component\\Console\\Output\\ConsoleOutput))
#17 C:\\Users\\sam\\Documents\\File_Coding\\HTML_CSS_JAVASCRIPT_dan_GAMBAR\\Kuliah\\airlines\\vendor\\symfony\\console\\Application.php(194): Symfony\\Component\\Console\\Application->doRun(Object(Symfony\\Component\\Console\\Input\\ArgvInput), Object(Symfony\\Component\\Console\\Output\\ConsoleOutput))
#18 C:\\Users\\sam\\Documents\\File_Coding\\HTML_CSS_JAVASCRIPT_dan_GAMBAR\\Kuliah\\airlines\\vendor\\laravel\\framework\\src\\Illuminate\\Foundation\\Console\\Kernel.php(197): Symfony\\Component\\Console\\Application->run(Object(Symfony\\Component\\Console\\Input\\ArgvInput), Object(Symfony\\Component\\Console\\Output\\ConsoleOutput))
#19 C:\\Users\\sam\\Documents\\File_Coding\\HTML_CSS_JAVASCRIPT_dan_GAMBAR\\Kuliah\\airlines\\vendor\\laravel\\framework\\src\\Illuminate\\Foundation\\Application.php(1235): Illuminate\\Foundation\\Console\\Kernel->handle(Object(Symfony\\Component\\Console\\Input\\ArgvInput), Object(Symfony\\Component\\Console\\Output\\ConsoleOutput))
#20 C:\\Users\\sam\\Documents\\File_Coding\\HTML_CSS_JAVASCRIPT_dan_GAMBAR\\Kuliah\\airlines\\artisan(16): Illuminate\\Foundation\\Application->handleCommand(Object(Symfony\\Component\\Console\\Input\\ArgvInput))
#21 {main}

[previous exception] [object] (PDOException(code: 42S02): SQLSTATE[42S02]: Base table or view not found: 1146 Table 'abadiairlines.cache' doesn't exist at C:\\Users\\sam\\Documents\\File_Coding\\HTML_CSS_JAVASCRIPT_dan_GAMBAR\\Kuliah\\airlines\\vendor\\laravel\\framework\\src\\Illuminate\\Database\\Connection.php:591)
[stacktrace]
#0 C:\\Users\\sam\\Documents\\File_Coding\\HTML_CSS_JAVASCRIPT_dan_GAMBAR\\Kuliah\\airlines\\vendor\\laravel\\framework\\src\\Illuminate\\Database\\Connection.php(591): PDO->prepare('delete from `ca...')
#1 C:\\Users\\sam\\Documents\\File_Coding\\HTML_CSS_JAVASCRIPT_dan_GAMBAR\\Kuliah\\airlines\\vendor\\laravel\\framework\\src\\Illuminate\\Database\\Connection.php(811): Illuminate\\Database\\Connection->{closure:Illuminate\\Database\\Connection::affectingStatement():583}('delete from `ca...', Array)
#2 C:\\Users\\sam\\Documents\\File_Coding\\HTML_CSS_JAVASCRIPT_dan_GAMBAR\\Kuliah\\airlines\\vendor\\laravel\\framework\\src\\Illuminate\\Database\\Connection.php(778): Illuminate\\Database\\Connection->runQueryCallback('delete from `ca...', Array, Object(Closure))
#3 C:\\Users\\sam\\Documents\\File_Coding\\HTML_CSS_JAVASCRIPT_dan_GAMBAR\\Kuliah\\airlines\\vendor\\laravel\\framework\\src\\Illuminate\\Database\\Connection.php(583): Illuminate\\Database\\Connection->run('delete from `ca...', Array, Object(Closure))
#4 C:\\Users\\sam\\Documents\\File_Coding\\HTML_CSS_JAVASCRIPT_dan_GAMBAR\\Kuliah\\airlines\\vendor\\laravel\\framework\\src\\Illuminate\\Database\\Connection.php(547): Illuminate\\Database\\Connection->affectingStatement('delete from `ca...', Array)
#5 C:\\Users\\sam\\Documents\\File_Coding\\HTML_CSS_JAVASCRIPT_dan_GAMBAR\\Kuliah\\airlines\\vendor\\laravel\\framework\\src\\Illuminate\\Database\\Query\\Builder.php(4109): Illuminate\\Database\\Connection->delete('delete from `ca...', Array)
#6 C:\\Users\\sam\\Documents\\File_Coding\\HTML_CSS_JAVASCRIPT_dan_GAMBAR\\Kuliah\\airlines\\vendor\\laravel\\framework\\src\\Illuminate\\Cache\\DatabaseStore.php(423): Illuminate\\Database\\Query\\Builder->delete()
#7 C:\\Users\\sam\\Documents\\File_Coding\\HTML_CSS_JAVASCRIPT_dan_GAMBAR\\Kuliah\\airlines\\vendor\\laravel\\framework\\src\\Illuminate\\Cache\\Repository.php(807): Illuminate\\Cache\\DatabaseStore->flush()
#8 C:\\Users\\sam\\Documents\\File_Coding\\HTML_CSS_JAVASCRIPT_dan_GAMBAR\\Kuliah\\airlines\\vendor\\laravel\\framework\\src\\Illuminate\\Cache\\Console\\ClearCommand.php(68): Illuminate\\Cache\\Repository->__call('flush', Array)
#9 C:\\Users\\sam\\Documents\\File_Coding\\HTML_CSS_JAVASCRIPT_dan_GAMBAR\\Kuliah\\airlines\\vendor\\laravel\\framework\\src\\Illuminate\\Container\\BoundMethod.php(36): Illuminate\\Cache\\Console\\ClearCommand->handle()
#10 C:\\Users\\sam\\Documents\\File_Coding\\HTML_CSS_JAVASCRIPT_dan_GAMBAR\\Kuliah\\airlines\\vendor\\laravel\\framework\\src\\Illuminate\\Container\\Util.php(43): Illuminate\\Container\\BoundMethod::{closure:Illuminate\\Container\\BoundMethod::call():35}()
#11 C:\\Users\\sam\\Documents\\File_Coding\\HTML_CSS_JAVASCRIPT_dan_GAMBAR\\Kuliah\\airlines\\vendor\\laravel\\framework\\src\\Illuminate\\Container\\BoundMethod.php(96): Illuminate\\Container\\Util::unwrapIfClosure(Object(Closure))
#12 C:\\Users\\sam\\Documents\\File_Coding\\HTML_CSS_JAVASCRIPT_dan_GAMBAR\\Kuliah\\airlines\\vendor\\laravel\\framework\\src\\Illuminate\\Container\\BoundMethod.php(35): Illuminate\\Container\\BoundMethod::callBoundMethod(Object(Illuminate\\Foundation\\Application), Array, Object(Closure))
#13 C:\\Users\\sam\\Documents\\File_Coding\\HTML_CSS_JAVASCRIPT_dan_GAMBAR\\Kuliah\\airlines\\vendor\\laravel\\framework\\src\\Illuminate\\Container\\Container.php(836): Illuminate\\Container\\BoundMethod::call(Object(Illuminate\\Foundation\\Application), Array, Array, NULL)
#14 C:\\Users\\sam\\Documents\\File_Coding\\HTML_CSS_JAVASCRIPT_dan_GAMBAR\\Kuliah\\airlines\\vendor\\laravel\\framework\\src\\Illuminate\\Console\\Command.php(211): Illuminate\\Container\\Container->call(Array)
#15 C:\\Users\\sam\\Documents\\File_Coding\\HTML_CSS_JAVASCRIPT_dan_GAMBAR\\Kuliah\\airlines\\vendor\\symfony\\console\\Command\\Command.php(318): Illuminate\\Console\\Command->execute(Object(Symfony\\Component\\Console\\Input\\ArgvInput), Object(Illuminate\\Console\\OutputStyle))
#16 C:\\Users\\sam\\Documents\\File_Coding\\HTML_CSS_JAVASCRIPT_dan_GAMBAR\\Kuliah\\airlines\\vendor\\laravel\\framework\\src\\Illuminate\\Console\\Command.php(180): Symfony\\Component\\Console\\Command\\Command->run(Object(Symfony\\Component\\Console\\Input\\ArgvInput), Object(Illuminate\\Console\\OutputStyle))
#17 C:\\Users\\sam\\Documents\\File_Coding\\HTML_CSS_JAVASCRIPT_dan_GAMBAR\\Kuliah\\airlines\\vendor\\symfony\\console\\Application.php(1110): Illuminate\\Console\\Command->run(Object(Symfony\\Component\\Console\\Input\\ArgvInput), Object(Symfony\\Component\\Console\\Output\\ConsoleOutput))
#18 C:\\Users\\sam\\Documents\\File_Coding\\HTML_CSS_JAVASCRIPT_dan_GAMBAR\\Kuliah\\airlines\\vendor\\symfony\\console\\Application.php(359): Symfony\\Component\\Console\\Application->doRunCommand(Object(Illuminate\\Cache\\Console\\ClearCommand), Object(Symfony\\Component\\Console\\Input\\ArgvInput), Object(Symfony\\Component\\Console\\Output\\ConsoleOutput))
#19 C:\\Users\\sam\\Documents\\File_Coding\\HTML_CSS_JAVASCRIPT_dan_GAMBAR\\Kuliah\\airlines\\vendor\\symfony\\console\\Application.php(194): Symfony\\Component\\Console\\Application->doRun(Object(Symfony\\Component\\Console\\Input\\ArgvInput), Object(Symfony\\Component\\Console\\Output\\ConsoleOutput))
#20 C:\\Users\\sam\\Documents\\File_Coding\\HTML_CSS_JAVASCRIPT_dan_GAMBAR\\Kuliah\\airlines\\vendor\\laravel\\framework\\src\\Illuminate\\Foundation\\Console\\Kernel.php(197): Symfony\\Component\\Console\\Application->run(Object(Symfony\\Component\\Console\\Input\\ArgvInput), Object(Symfony\\Component\\Console\\Output\\ConsoleOutput))
#21 C:\\Users\\sam\\Documents\\File_Coding\\HTML_CSS_JAVASCRIPT_dan_GAMBAR\\Kuliah\\airlines\\vendor\\laravel\\framework\\src\\Illuminate\\Foundation\\Application.php(1235): Illuminate\\Foundation\\Console\\Kernel->handle(Object(Symfony\\Component\\Console\\Input\\ArgvInput), Object(Symfony\\Component\\Console\\Output\\ConsoleOutput))
#22 C:\\Users\\sam\\Documents\\File_Coding\\HTML_CSS_JAVASCRIPT_dan_GAMBAR\\Kuliah\\airlines\\artisan(16): Illuminate\\Foundation\\Application->handleCommand(Object(Symfony\\Component\\Console\\Input\\ArgvInput))
#23 {main}
"} 
[2025-12-08 05:40:13] local.ERROR: SQLSTATE[42S02]: Base table or view not found: 1146 Table 'abadiairlines1.cache' doesn't exist (Connection: mysql, SQL: delete from `cache`) {"exception":"[object] (Illuminate\\Database\\QueryException(code: 42S02): SQLSTATE[42S02]: Base table or view not found: 1146 Table 'abadiairlines1.cache' doesn't exist (Connection: mysql, SQL: delete from `cache`) at C:\\Users\\sam\\Documents\\File_Coding\\HTML_CSS_JAVASCRIPT_dan_GAMBAR\\Kuliah\\airlines\\vendor\\laravel\\framework\\src\\Illuminate\\Database\\Connection.php:824)
[stacktrace]
#0 C:\\Users\\sam\\Documents\\File_Coding\\HTML_CSS_JAVASCRIPT_dan_GAMBAR\\Kuliah\\airlines\\vendor\\laravel\\framework\\src\\Illuminate\\Database\\Connection.php(778): Illuminate\\Database\\Connection->runQueryCallback('delete from `ca...', Array, Object(Closure))
#1 C:\\Users\\sam\\Documents\\File_Coding\\HTML_CSS_JAVASCRIPT_dan_GAMBAR\\Kuliah\\airlines\\vendor\\laravel\\framework\\src\\Illuminate\\Database\\Connection.php(583): Illuminate\\Database\\Connection->run('delete from `ca...', Array, Object(Closure))
#2 C:\\Users\\sam\\Documents\\File_Coding\\HTML_CSS_JAVASCRIPT_dan_GAMBAR\\Kuliah\\airlines\\vendor\\laravel\\framework\\src\\Illuminate\\Database\\Connection.php(547): Illuminate\\Database\\Connection->affectingStatement('delete from `ca...', Array)
#3 C:\\Users\\sam\\Documents\\File_Coding\\HTML_CSS_JAVASCRIPT_dan_GAMBAR\\Kuliah\\airlines\\vendor\\laravel\\framework\\src\\Illuminate\\Database\\Query\\Builder.php(4109): Illuminate\\Database\\Connection->delete('delete from `ca...', Array)
#4 C:\\Users\\sam\\Documents\\File_Coding\\HTML_CSS_JAVASCRIPT_dan_GAMBAR\\Kuliah\\airlines\\vendor\\laravel\\framework\\src\\Illuminate\\Cache\\DatabaseStore.php(423): Illuminate\\Database\\Query\\Builder->delete()
#5 C:\\Users\\sam\\Documents\\File_Coding\\HTML_CSS_JAVASCRIPT_dan_GAMBAR\\Kuliah\\airlines\\vendor\\laravel\\framework\\src\\Illuminate\\Cache\\Repository.php(807): Illuminate\\Cache\\DatabaseStore->flush()
#6 C:\\Users\\sam\\Documents\\File_Coding\\HTML_CSS_JAVASCRIPT_dan_GAMBAR\\Kuliah\\airlines\\vendor\\laravel\\framework\\src\\Illuminate\\Cache\\Console\\ClearCommand.php(68): Illuminate\\Cache\\Repository->__call('flush', Array)
#7 C:\\Users\\sam\\Documents\\File_Coding\\HTML_CSS_JAVASCRIPT_dan_GAMBAR\\Kuliah\\airlines\\vendor\\laravel\\framework\\src\\Illuminate\\Container\\BoundMethod.php(36): Illuminate\\Cache\\Console\\ClearCommand->handle()
#8 C:\\Users\\sam\\Documents\\File_Coding\\HTML_CSS_JAVASCRIPT_dan_GAMBAR\\Kuliah\\airlines\\vendor\\laravel\\framework\\src\\Illuminate\\Container\\Util.php(43): Illuminate\\Container\\BoundMethod::{closure:Illuminate\\Container\\BoundMethod::call():35}()
#9 C:\\Users\\sam\\Documents\\File_Coding\\HTML_CSS_JAVASCRIPT_dan_GAMBAR\\Kuliah\\airlines\\vendor\\laravel\\framework\\src\\Illuminate\\Container\\BoundMethod.php(96): Illuminate\\Container\\Util::unwrapIfClosure(Object(Closure))
#10 C:\\Users\\sam\\Documents\\File_Coding\\HTML_CSS_JAVASCRIPT_dan_GAMBAR\\Kuliah\\airlines\\vendor\\laravel\\framework\\src\\Illuminate\\Container\\BoundMethod.php(35): Illuminate\\Container\\BoundMethod::callBoundMethod(Object(Illuminate\\Foundation\\Application), Array, Object(Closure))
#11 C:\\Users\\sam\\Documents\\File_Coding\\HTML_CSS_JAVASCRIPT_dan_GAMBAR\\Kuliah\\airlines\\vendor\\laravel\\framework\\src\\Illuminate\\Container\\Container.php(836): Illuminate\\Container\\BoundMethod::call(Object(Illuminate\\Foundation\\Application), Array, Array, NULL)
#12 C:\\Users\\sam\\Documents\\File_Coding\\HTML_CSS_JAVASCRIPT_dan_GAMBAR\\Kuliah\\airlines\\vendor\\laravel\\framework\\src\\Illuminate\\Console\\Command.php(211): Illuminate\\Container\\Container->call(Array)
#13 C:\\Users\\sam\\Documents\\File_Coding\\HTML_CSS_JAVASCRIPT_dan_GAMBAR\\Kuliah\\airlines\\vendor\\symfony\\console\\Command\\Command.php(318): Illuminate\\Console\\Command->execute(Object(Symfony\\Component\\Console\\Input\\ArgvInput), Object(Illuminate\\Console\\OutputStyle))
#14 C:\\Users\\sam\\Documents\\File_Coding\\HTML_CSS_JAVASCRIPT_dan_GAMBAR\\Kuliah\\airlines\\vendor\\laravel\\framework\\src\\Illuminate\\Console\\Command.php(180): Symfony\\Component\\Console\\Command\\Command->run(Object(Symfony\\Component\\Console\\Input\\ArgvInput), Object(Illuminate\\Console\\OutputStyle))
#15 C:\\Users\\sam\\Documents\\File_Coding\\HTML_CSS_JAVASCRIPT_dan_GAMBAR\\Kuliah\\airlines\\vendor\\symfony\\console\\Application.php(1110): Illuminate\\Console\\Command->run(Object(Symfony\\Component\\Console\\Input\\ArgvInput), Object(Symfony\\Component\\Console\\Output\\ConsoleOutput))
#16 C:\\Users\\sam\\Documents\\File_Coding\\HTML_CSS_JAVASCRIPT_dan_GAMBAR\\Kuliah\\airlines\\vendor\\symfony\\console\\Application.php(359): Symfony\\Component\\Console\\Application->doRunCommand(Object(Illuminate\\Cache\\Console\\ClearCommand), Object(Symfony\\Component\\Console\\Input\\ArgvInput), Object(Symfony\\Component\\Console\\Output\\ConsoleOutput))
#17 C:\\Users\\sam\\Documents\\File_Coding\\HTML_CSS_JAVASCRIPT_dan_GAMBAR\\Kuliah\\airlines\\vendor\\symfony\\console\\Application.php(194): Symfony\\Component\\Console\\Application->doRun(Object(Symfony\\Component\\Console\\Input\\ArgvInput), Object(Symfony\\Component\\Console\\Output\\ConsoleOutput))
#18 C:\\Users\\sam\\Documents\\File_Coding\\HTML_CSS_JAVASCRIPT_dan_GAMBAR\\Kuliah\\airlines\\vendor\\laravel\\framework\\src\\Illuminate\\Foundation\\Console\\Kernel.php(197): Symfony\\Component\\Console\\Application->run(Object(Symfony\\Component\\Console\\Input\\ArgvInput), Object(Symfony\\Component\\Console\\Output\\ConsoleOutput))
#19 C:\\Users\\sam\\Documents\\File_Coding\\HTML_CSS_JAVASCRIPT_dan_GAMBAR\\Kuliah\\airlines\\vendor\\laravel\\framework\\src\\Illuminate\\Foundation\\Application.php(1235): Illuminate\\Foundation\\Console\\Kernel->handle(Object(Symfony\\Component\\Console\\Input\\ArgvInput), Object(Symfony\\Component\\Console\\Output\\ConsoleOutput))
#20 C:\\Users\\sam\\Documents\\File_Coding\\HTML_CSS_JAVASCRIPT_dan_GAMBAR\\Kuliah\\airlines\\artisan(16): Illuminate\\Foundation\\Application->handleCommand(Object(Symfony\\Component\\Console\\Input\\ArgvInput))
#21 {main}

[previous exception] [object] (PDOException(code: 42S02): SQLSTATE[42S02]: Base table or view not found: 1146 Table 'abadiairlines1.cache' doesn't exist at C:\\Users\\sam\\Documents\\File_Coding\\HTML_CSS_JAVASCRIPT_dan_GAMBAR\\Kuliah\\airlines\\vendor\\laravel\\framework\\src\\Illuminate\\Database\\Connection.php:591)
[stacktrace]
#0 C:\\Users\\sam\\Documents\\File_Coding\\HTML_CSS_JAVASCRIPT_dan_GAMBAR\\Kuliah\\airlines\\vendor\\laravel\\framework\\src\\Illuminate\\Database\\Connection.php(591): PDO->prepare('delete from `ca...')
#1 C:\\Users\\sam\\Documents\\File_Coding\\HTML_CSS_JAVASCRIPT_dan_GAMBAR\\Kuliah\\airlines\\vendor\\laravel\\framework\\src\\Illuminate\\Database\\Connection.php(811): Illuminate\\Database\\Connection->{closure:Illuminate\\Database\\Connection::affectingStatement():583}('delete from `ca...', Array)
#2 C:\\Users\\sam\\Documents\\File_Coding\\HTML_CSS_JAVASCRIPT_dan_GAMBAR\\Kuliah\\airlines\\vendor\\laravel\\framework\\src\\Illuminate\\Database\\Connection.php(778): Illuminate\\Database\\Connection->runQueryCallback('delete from `ca...', Array, Object(Closure))
#3 C:\\Users\\sam\\Documents\\File_Coding\\HTML_CSS_JAVASCRIPT_dan_GAMBAR\\Kuliah\\airlines\\vendor\\laravel\\framework\\src\\Illuminate\\Database\\Connection.php(583): Illuminate\\Database\\Connection->run('delete from `ca...', Array, Object(Closure))
#4 C:\\Users\\sam\\Documents\\File_Coding\\HTML_CSS_JAVASCRIPT_dan_GAMBAR\\Kuliah\\airlines\\vendor\\laravel\\framework\\src\\Illuminate\\Database\\Connection.php(547): Illuminate\\Database\\Connection->affectingStatement('delete from `ca...', Array)
#5 C:\\Users\\sam\\Documents\\File_Coding\\HTML_CSS_JAVASCRIPT_dan_GAMBAR\\Kuliah\\airlines\\vendor\\laravel\\framework\\src\\Illuminate\\Database\\Query\\Builder.php(4109): Illuminate\\Database\\Connection->delete('delete from `ca...', Array)
#6 C:\\Users\\sam\\Documents\\File_Coding\\HTML_CSS_JAVASCRIPT_dan_GAMBAR\\Kuliah\\airlines\\vendor\\laravel\\framework\\src\\Illuminate\\Cache\\DatabaseStore.php(423): Illuminate\\Database\\Query\\Builder->delete()
#7 C:\\Users\\sam\\Documents\\File_Coding\\HTML_CSS_JAVASCRIPT_dan_GAMBAR\\Kuliah\\airlines\\vendor\\laravel\\framework\\src\\Illuminate\\Cache\\Repository.php(807): Illuminate\\Cache\\DatabaseStore->flush()
#8 C:\\Users\\sam\\Documents\\File_Coding\\HTML_CSS_JAVASCRIPT_dan_GAMBAR\\Kuliah\\airlines\\vendor\\laravel\\framework\\src\\Illuminate\\Cache\\Console\\ClearCommand.php(68): Illuminate\\Cache\\Repository->__call('flush', Array)
#9 C:\\Users\\sam\\Documents\\File_Coding\\HTML_CSS_JAVASCRIPT_dan_GAMBAR\\Kuliah\\airlines\\vendor\\laravel\\framework\\src\\Illuminate\\Container\\BoundMethod.php(36): Illuminate\\Cache\\Console\\ClearCommand->handle()
#10 C:\\Users\\sam\\Documents\\File_Coding\\HTML_CSS_JAVASCRIPT_dan_GAMBAR\\Kuliah\\airlines\\vendor\\laravel\\framework\\src\\Illuminate\\Container\\Util.php(43): Illuminate\\Container\\BoundMethod::{closure:Illuminate\\Container\\BoundMethod::call():35}()
#11 C:\\Users\\sam\\Documents\\File_Coding\\HTML_CSS_JAVASCRIPT_dan_GAMBAR\\Kuliah\\airlines\\vendor\\laravel\\framework\\src\\Illuminate\\Container\\BoundMethod.php(96): Illuminate\\Container\\Util::unwrapIfClosure(Object(Closure))
#12 C:\\Users\\sam\\Documents\\File_Coding\\HTML_CSS_JAVASCRIPT_dan_GAMBAR\\Kuliah\\airlines\\vendor\\laravel\\framework\\src\\Illuminate\\Container\\BoundMethod.php(35): Illuminate\\Container\\BoundMethod::callBoundMethod(Object(Illuminate\\Foundation\\Application), Array, Object(Closure))
#13 C:\\Users\\sam\\Documents\\File_Coding\\HTML_CSS_JAVASCRIPT_dan_GAMBAR\\Kuliah\\airlines\\vendor\\laravel\\framework\\src\\Illuminate\\Container\\Container.php(836): Illuminate\\Container\\BoundMethod::call(Object(Illuminate\\Foundation\\Application), Array, Array, NULL)
#14 C:\\Users\\sam\\Documents\\File_Coding\\HTML_CSS_JAVASCRIPT_dan_GAMBAR\\Kuliah\\airlines\\vendor\\laravel\\framework\\src\\Illuminate\\Console\\Command.php(211): Illuminate\\Container\\Container->call(Array)
#15 C:\\Users\\sam\\Documents\\File_Coding\\HTML_CSS_JAVASCRIPT_dan_GAMBAR\\Kuliah\\airlines\\vendor\\symfony\\console\\Command\\Command.php(318): Illuminate\\Console\\Command->execute(Object(Symfony\\Component\\Console\\Input\\ArgvInput), Object(Illuminate\\Console\\OutputStyle))
#16 C:\\Users\\sam\\Documents\\File_Coding\\HTML_CSS_JAVASCRIPT_dan_GAMBAR\\Kuliah\\airlines\\vendor\\laravel\\framework\\src\\Illuminate\\Console\\Command.php(180): Symfony\\Component\\Console\\Command\\Command->run(Object(Symfony\\Component\\Console\\Input\\ArgvInput), Object(Illuminate\\Console\\OutputStyle))
#17 C:\\Users\\sam\\Documents\\File_Coding\\HTML_CSS_JAVASCRIPT_dan_GAMBAR\\Kuliah\\airlines\\vendor\\symfony\\console\\Application.php(1110): Illuminate\\Console\\Command->run(Object(Symfony\\Component\\Console\\Input\\ArgvInput), Object(Symfony\\Component\\Console\\Output\\ConsoleOutput))
#18 C:\\Users\\sam\\Documents\\File_Coding\\HTML_CSS_JAVASCRIPT_dan_GAMBAR\\Kuliah\\airlines\\vendor\\symfony\\console\\Application.php(359): Symfony\\Component\\Console\\Application->doRunCommand(Object(Illuminate\\Cache\\Console\\ClearCommand), Object(Symfony\\Component\\Console\\Input\\ArgvInput), Object(Symfony\\Component\\Console\\Output\\ConsoleOutput))
#19 C:\\Users\\sam\\Documents\\File_Coding\\HTML_CSS_JAVASCRIPT_dan_GAMBAR\\Kuliah\\airlines\\vendor\\symfony\\console\\Application.php(194): Symfony\\Component\\Console\\Application->doRun(Object(Symfony\\Component\\Console\\Input\\ArgvInput), Object(Symfony\\Component\\Console\\Output\\ConsoleOutput))
#20 C:\\Users\\sam\\Documents\\File_Coding\\HTML_CSS_JAVASCRIPT_dan_GAMBAR\\Kuliah\\airlines\\vendor\\laravel\\framework\\src\\Illuminate\\Foundation\\Console\\Kernel.php(197): Symfony\\Component\\Console\\Application->run(Object(Symfony\\Component\\Console\\Input\\ArgvInput), Object(Symfony\\Component\\Console\\Output\\ConsoleOutput))
#21 C:\\Users\\sam\\Documents\\File_Coding\\HTML_CSS_JAVASCRIPT_dan_GAMBAR\\Kuliah\\airlines\\vendor\\laravel\\framework\\src\\Illuminate\\Foundation\\Application.php(1235): Illuminate\\Foundation\\Console\\Kernel->handle(Object(Symfony\\Component\\Console\\Input\\ArgvInput), Object(Symfony\\Component\\Console\\Output\\ConsoleOutput))
#22 C:\\Users\\sam\\Documents\\File_Coding\\HTML_CSS_JAVASCRIPT_dan_GAMBAR\\Kuliah\\airlines\\artisan(16): Illuminate\\Foundation\\Application->handleCommand(Object(Symfony\\Component\\Console\\Input\\ArgvInput))
#23 {main}
"} 
[2025-12-08 05:41:11] local.ERROR: SQLSTATE[42S02]: Base table or view not found: 1146 Table 'abadiairlines1.cache' doesn't exist (Connection: mysql, SQL: delete from `cache`) {"exception":"[object] (Illuminate\\Database\\QueryException(code: 42S02): SQLSTATE[42S02]: Base table or view not found: 1146 Table 'abadiairlines1.cache' doesn't exist (Connection: mysql, SQL: delete from `cache`) at C:\\Users\\sam\\Documents\\File_Coding\\HTML_CSS_JAVASCRIPT_dan_GAMBAR\\Kuliah\\airlines\\vendor\\laravel\\framework\\src\\Illuminate\\Database\\Connection.php:824)
[stacktrace]
#0 C:\\Users\\sam\\Documents\\File_Coding\\HTML_CSS_JAVASCRIPT_dan_GAMBAR\\Kuliah\\airlines\\vendor\\laravel\\framework\\src\\Illuminate\\Database\\Connection.php(778): Illuminate\\Database\\Connection->runQueryCallback('delete from `ca...', Array, Object(Closure))
#1 C:\\Users\\sam\\Documents\\File_Coding\\HTML_CSS_JAVASCRIPT_dan_GAMBAR\\Kuliah\\airlines\\vendor\\laravel\\framework\\src\\Illuminate\\Database\\Connection.php(583): Illuminate\\Database\\Connection->run('delete from `ca...', Array, Object(Closure))
#2 C:\\Users\\sam\\Documents\\File_Coding\\HTML_CSS_JAVASCRIPT_dan_GAMBAR\\Kuliah\\airlines\\vendor\\laravel\\framework\\src\\Illuminate\\Database\\Connection.php(547): Illuminate\\Database\\Connection->affectingStatement('delete from `ca...', Array)
#3 C:\\Users\\sam\\Documents\\File_Coding\\HTML_CSS_JAVASCRIPT_dan_GAMBAR\\Kuliah\\airlines\\vendor\\laravel\\framework\\src\\Illuminate\\Database\\Query\\Builder.php(4109): Illuminate\\Database\\Connection->delete('delete from `ca...', Array)
#4 C:\\Users\\sam\\Documents\\File_Coding\\HTML_CSS_JAVASCRIPT_dan_GAMBAR\\Kuliah\\airlines\\vendor\\laravel\\framework\\src\\Illuminate\\Cache\\DatabaseStore.php(423): Illuminate\\Database\\Query\\Builder->delete()
#5 C:\\Users\\sam\\Documents\\File_Coding\\HTML_CSS_JAVASCRIPT_dan_GAMBAR\\Kuliah\\airlines\\vendor\\laravel\\framework\\src\\Illuminate\\Cache\\Repository.php(807): Illuminate\\Cache\\DatabaseStore->flush()
#6 C:\\Users\\sam\\Documents\\File_Coding\\HTML_CSS_JAVASCRIPT_dan_GAMBAR\\Kuliah\\airlines\\vendor\\laravel\\framework\\src\\Illuminate\\Cache\\Console\\ClearCommand.php(68): Illuminate\\Cache\\Repository->__call('flush', Array)
#7 C:\\Users\\sam\\Documents\\File_Coding\\HTML_CSS_JAVASCRIPT_dan_GAMBAR\\Kuliah\\airlines\\vendor\\laravel\\framework\\src\\Illuminate\\Container\\BoundMethod.php(36): Illuminate\\Cache\\Console\\ClearCommand->handle()
#8 C:\\Users\\sam\\Documents\\File_Coding\\HTML_CSS_JAVASCRIPT_dan_GAMBAR\\Kuliah\\airlines\\vendor\\laravel\\framework\\src\\Illuminate\\Container\\Util.php(43): Illuminate\\Container\\BoundMethod::{closure:Illuminate\\Container\\BoundMethod::call():35}()
#9 C:\\Users\\sam\\Documents\\File_Coding\\HTML_CSS_JAVASCRIPT_dan_GAMBAR\\Kuliah\\airlines\\vendor\\laravel\\framework\\src\\Illuminate\\Container\\BoundMethod.php(96): Illuminate\\Container\\Util::unwrapIfClosure(Object(Closure))
#10 C:\\Users\\sam\\Documents\\File_Coding\\HTML_CSS_JAVASCRIPT_dan_GAMBAR\\Kuliah\\airlines\\vendor\\laravel\\framework\\src\\Illuminate\\Container\\BoundMethod.php(35): Illuminate\\Container\\BoundMethod::callBoundMethod(Object(Illuminate\\Foundation\\Application), Array, Object(Closure))
#11 C:\\Users\\sam\\Documents\\File_Coding\\HTML_CSS_JAVASCRIPT_dan_GAMBAR\\Kuliah\\airlines\\vendor\\laravel\\framework\\src\\Illuminate\\Container\\Container.php(836): Illuminate\\Container\\BoundMethod::call(Object(Illuminate\\Foundation\\Application), Array, Array, NULL)
#12 C:\\Users\\sam\\Documents\\File_Coding\\HTML_CSS_JAVASCRIPT_dan_GAMBAR\\Kuliah\\airlines\\vendor\\laravel\\framework\\src\\Illuminate\\Console\\Command.php(211): Illuminate\\Container\\Container->call(Array)
#13 C:\\Users\\sam\\Documents\\File_Coding\\HTML_CSS_JAVASCRIPT_dan_GAMBAR\\Kuliah\\airlines\\vendor\\symfony\\console\\Command\\Command.php(318): Illuminate\\Console\\Command->execute(Object(Symfony\\Component\\Console\\Input\\ArgvInput), Object(Illuminate\\Console\\OutputStyle))
#14 C:\\Users\\sam\\Documents\\File_Coding\\HTML_CSS_JAVASCRIPT_dan_GAMBAR\\Kuliah\\airlines\\vendor\\laravel\\framework\\src\\Illuminate\\Console\\Command.php(180): Symfony\\Component\\Console\\Command\\Command->run(Object(Symfony\\Component\\Console\\Input\\ArgvInput), Object(Illuminate\\Console\\OutputStyle))
#15 C:\\Users\\sam\\Documents\\File_Coding\\HTML_CSS_JAVASCRIPT_dan_GAMBAR\\Kuliah\\airlines\\vendor\\symfony\\console\\Application.php(1110): Illuminate\\Console\\Command->run(Object(Symfony\\Component\\Console\\Input\\ArgvInput), Object(Symfony\\Component\\Console\\Output\\ConsoleOutput))
#16 C:\\Users\\sam\\Documents\\File_Coding\\HTML_CSS_JAVASCRIPT_dan_GAMBAR\\Kuliah\\airlines\\vendor\\symfony\\console\\Application.php(359): Symfony\\Component\\Console\\Application->doRunCommand(Object(Illuminate\\Cache\\Console\\ClearCommand), Object(Symfony\\Component\\Console\\Input\\ArgvInput), Object(Symfony\\Component\\Console\\Output\\ConsoleOutput))
#17 C:\\Users\\sam\\Documents\\File_Coding\\HTML_CSS_JAVASCRIPT_dan_GAMBAR\\Kuliah\\airlines\\vendor\\symfony\\console\\Application.php(194): Symfony\\Component\\Console\\Application->doRun(Object(Symfony\\Component\\Console\\Input\\ArgvInput), Object(Symfony\\Component\\Console\\Output\\ConsoleOutput))
#18 C:\\Users\\sam\\Documents\\File_Coding\\HTML_CSS_JAVASCRIPT_dan_GAMBAR\\Kuliah\\airlines\\vendor\\laravel\\framework\\src\\Illuminate\\Foundation\\Console\\Kernel.php(197): Symfony\\Component\\Console\\Application->run(Object(Symfony\\Component\\Console\\Input\\ArgvInput), Object(Symfony\\Component\\Console\\Output\\ConsoleOutput))
#19 C:\\Users\\sam\\Documents\\File_Coding\\HTML_CSS_JAVASCRIPT_dan_GAMBAR\\Kuliah\\airlines\\vendor\\laravel\\framework\\src\\Illuminate\\Foundation\\Application.php(1235): Illuminate\\Foundation\\Console\\Kernel->handle(Object(Symfony\\Component\\Console\\Input\\ArgvInput), Object(Symfony\\Component\\Console\\Output\\ConsoleOutput))
#20 C:\\Users\\sam\\Documents\\File_Coding\\HTML_CSS_JAVASCRIPT_dan_GAMBAR\\Kuliah\\airlines\\artisan(16): Illuminate\\Foundation\\Application->handleCommand(Object(Symfony\\Component\\Console\\Input\\ArgvInput))
#21 {main}

[previous exception] [object] (PDOException(code: 42S02): SQLSTATE[42S02]: Base table or view not found: 1146 Table 'abadiairlines1.cache' doesn't exist at C:\\Users\\sam\\Documents\\File_Coding\\HTML_CSS_JAVASCRIPT_dan_GAMBAR\\Kuliah\\airlines\\vendor\\laravel\\framework\\src\\Illuminate\\Database\\Connection.php:591)
[stacktrace]
#0 C:\\Users\\sam\\Documents\\File_Coding\\HTML_CSS_JAVASCRIPT_dan_GAMBAR\\Kuliah\\airlines\\vendor\\laravel\\framework\\src\\Illuminate\\Database\\Connection.php(591): PDO->prepare('delete from `ca...')
#1 C:\\Users\\sam\\Documents\\File_Coding\\HTML_CSS_JAVASCRIPT_dan_GAMBAR\\Kuliah\\airlines\\vendor\\laravel\\framework\\src\\Illuminate\\Database\\Connection.php(811): Illuminate\\Database\\Connection->{closure:Illuminate\\Database\\Connection::affectingStatement():583}('delete from `ca...', Array)
#2 C:\\Users\\sam\\Documents\\File_Coding\\HTML_CSS_JAVASCRIPT_dan_GAMBAR\\Kuliah\\airlines\\vendor\\laravel\\framework\\src\\Illuminate\\Database\\Connection.php(778): Illuminate\\Database\\Connection->runQueryCallback('delete from `ca...', Array, Object(Closure))
#3 C:\\Users\\sam\\Documents\\File_Coding\\HTML_CSS_JAVASCRIPT_dan_GAMBAR\\Kuliah\\airlines\\vendor\\laravel\\framework\\src\\Illuminate\\Database\\Connection.php(583): Illuminate\\Database\\Connection->run('delete from `ca...', Array, Object(Closure))
#4 C:\\Users\\sam\\Documents\\File_Coding\\HTML_CSS_JAVASCRIPT_dan_GAMBAR\\Kuliah\\airlines\\vendor\\laravel\\framework\\src\\Illuminate\\Database\\Connection.php(547): Illuminate\\Database\\Connection->affectingStatement('delete from `ca...', Array)
#5 C:\\Users\\sam\\Documents\\File_Coding\\HTML_CSS_JAVASCRIPT_dan_GAMBAR\\Kuliah\\airlines\\vendor\\laravel\\framework\\src\\Illuminate\\Database\\Query\\Builder.php(4109): Illuminate\\Database\\Connection->delete('delete from `ca...', Array)
#6 C:\\Users\\sam\\Documents\\File_Coding\\HTML_CSS_JAVASCRIPT_dan_GAMBAR\\Kuliah\\airlines\\vendor\\laravel\\framework\\src\\Illuminate\\Cache\\DatabaseStore.php(423): Illuminate\\Database\\Query\\Builder->delete()
#7 C:\\Users\\sam\\Documents\\File_Coding\\HTML_CSS_JAVASCRIPT_dan_GAMBAR\\Kuliah\\airlines\\vendor\\laravel\\framework\\src\\Illuminate\\Cache\\Repository.php(807): Illuminate\\Cache\\DatabaseStore->flush()
#8 C:\\Users\\sam\\Documents\\File_Coding\\HTML_CSS_JAVASCRIPT_dan_GAMBAR\\Kuliah\\airlines\\vendor\\laravel\\framework\\src\\Illuminate\\Cache\\Console\\ClearCommand.php(68): Illuminate\\Cache\\Repository->__call('flush', Array)
#9 C:\\Users\\sam\\Documents\\File_Coding\\HTML_CSS_JAVASCRIPT_dan_GAMBAR\\Kuliah\\airlines\\vendor\\laravel\\framework\\src\\Illuminate\\Container\\BoundMethod.php(36): Illuminate\\Cache\\Console\\ClearCommand->handle()
#10 C:\\Users\\sam\\Documents\\File_Coding\\HTML_CSS_JAVASCRIPT_dan_GAMBAR\\Kuliah\\airlines\\vendor\\laravel\\framework\\src\\Illuminate\\Container\\Util.php(43): Illuminate\\Container\\BoundMethod::{closure:Illuminate\\Container\\BoundMethod::call():35}()
#11 C:\\Users\\sam\\Documents\\File_Coding\\HTML_CSS_JAVASCRIPT_dan_GAMBAR\\Kuliah\\airlines\\vendor\\laravel\\framework\\src\\Illuminate\\Container\\BoundMethod.php(96): Illuminate\\Container\\Util::unwrapIfClosure(Object(Closure))
#12 C:\\Users\\sam\\Documents\\File_Coding\\HTML_CSS_JAVASCRIPT_dan_GAMBAR\\Kuliah\\airlines\\vendor\\laravel\\framework\\src\\Illuminate\\Container\\BoundMethod.php(35): Illuminate\\Container\\BoundMethod::callBoundMethod(Object(Illuminate\\Foundation\\Application), Array, Object(Closure))
#13 C:\\Users\\sam\\Documents\\File_Coding\\HTML_CSS_JAVASCRIPT_dan_GAMBAR\\Kuliah\\airlines\\vendor\\laravel\\framework\\src\\Illuminate\\Container\\Container.php(836): Illuminate\\Container\\BoundMethod::call(Object(Illuminate\\Foundation\\Application), Array, Array, NULL)
#14 C:\\Users\\sam\\Documents\\File_Coding\\HTML_CSS_JAVASCRIPT_dan_GAMBAR\\Kuliah\\airlines\\vendor\\laravel\\framework\\src\\Illuminate\\Console\\Command.php(211): Illuminate\\Container\\Container->call(Array)
#15 C:\\Users\\sam\\Documents\\File_Coding\\HTML_CSS_JAVASCRIPT_dan_GAMBAR\\Kuliah\\airlines\\vendor\\symfony\\console\\Command\\Command.php(318): Illuminate\\Console\\Command->execute(Object(Symfony\\Component\\Console\\Input\\ArgvInput), Object(Illuminate\\Console\\OutputStyle))
#16 C:\\Users\\sam\\Documents\\File_Coding\\HTML_CSS_JAVASCRIPT_dan_GAMBAR\\Kuliah\\airlines\\vendor\\laravel\\framework\\src\\Illuminate\\Console\\Command.php(180): Symfony\\Component\\Console\\Command\\Command->run(Object(Symfony\\Component\\Console\\Input\\ArgvInput), Object(Illuminate\\Console\\OutputStyle))
#17 C:\\Users\\sam\\Documents\\File_Coding\\HTML_CSS_JAVASCRIPT_dan_GAMBAR\\Kuliah\\airlines\\vendor\\symfony\\console\\Application.php(1110): Illuminate\\Console\\Command->run(Object(Symfony\\Component\\Console\\Input\\ArgvInput), Object(Symfony\\Component\\Console\\Output\\ConsoleOutput))
#18 C:\\Users\\sam\\Documents\\File_Coding\\HTML_CSS_JAVASCRIPT_dan_GAMBAR\\Kuliah\\airlines\\vendor\\symfony\\console\\Application.php(359): Symfony\\Component\\Console\\Application->doRunCommand(Object(Illuminate\\Cache\\Console\\ClearCommand), Object(Symfony\\Component\\Console\\Input\\ArgvInput), Object(Symfony\\Component\\Console\\Output\\ConsoleOutput))
#19 C:\\Users\\sam\\Documents\\File_Coding\\HTML_CSS_JAVASCRIPT_dan_GAMBAR\\Kuliah\\airlines\\vendor\\symfony\\console\\Application.php(194): Symfony\\Component\\Console\\Application->doRun(Object(Symfony\\Component\\Console\\Input\\ArgvInput), Object(Symfony\\Component\\Console\\Output\\ConsoleOutput))
#20 C:\\Users\\sam\\Documents\\File_Coding\\HTML_CSS_JAVASCRIPT_dan_GAMBAR\\Kuliah\\airlines\\vendor\\laravel\\framework\\src\\Illuminate\\Foundation\\Console\\Kernel.php(197): Symfony\\Component\\Console\\Application->run(Object(Symfony\\Component\\Console\\Input\\ArgvInput), Object(Symfony\\Component\\Console\\Output\\ConsoleOutput))
#21 C:\\Users\\sam\\Documents\\File_Coding\\HTML_CSS_JAVASCRIPT_dan_GAMBAR\\Kuliah\\airlines\\vendor\\laravel\\framework\\src\\Illuminate\\Foundation\\Application.php(1235): Illuminate\\Foundation\\Console\\Kernel->handle(Object(Symfony\\Component\\Console\\Input\\ArgvInput), Object(Symfony\\Component\\Console\\Output\\ConsoleOutput))
#22 C:\\Users\\sam\\Documents\\File_Coding\\HTML_CSS_JAVASCRIPT_dan_GAMBAR\\Kuliah\\airlines\\artisan(16): Illuminate\\Foundation\\Application->handleCommand(Object(Symfony\\Component\\Console\\Input\\ArgvInput))
#23 {main}
"} 
[2025-12-08 05:41:30] local.ERROR: Too many arguments to "db:seed" command, expected arguments "class". {"exception":"[object] (Symfony\\Component\\Console\\Exception\\RuntimeException(code: 0): Too many arguments to \"db:seed\" command, expected arguments \"class\". at C:\\Users\\sam\\Documents\\File_Coding\\HTML_CSS_JAVASCRIPT_dan_GAMBAR\\Kuliah\\airlines\\vendor\\symfony\\console\\Input\\ArgvInput.php:199)
[stacktrace]
#0 C:\\Users\\sam\\Documents\\File_Coding\\HTML_CSS_JAVASCRIPT_dan_GAMBAR\\Kuliah\\airlines\\vendor\\symfony\\console\\Input\\ArgvInput.php(92): Symfony\\Component\\Console\\Input\\ArgvInput->parseArgument('db:seed')
#1 C:\\Users\\sam\\Documents\\File_Coding\\HTML_CSS_JAVASCRIPT_dan_GAMBAR\\Kuliah\\airlines\\vendor\\symfony\\console\\Input\\ArgvInput.php(77): Symfony\\Component\\Console\\Input\\ArgvInput->parseToken('db:seed', true)
#2 C:\\Users\\sam\\Documents\\File_Coding\\HTML_CSS_JAVASCRIPT_dan_GAMBAR\\Kuliah\\airlines\\vendor\\symfony\\console\\Input\\Input.php(53): Symfony\\Component\\Console\\Input\\ArgvInput->parse()
#3 C:\\Users\\sam\\Documents\\File_Coding\\HTML_CSS_JAVASCRIPT_dan_GAMBAR\\Kuliah\\airlines\\vendor\\symfony\\console\\Command\\Command.php(276): Symfony\\Component\\Console\\Input\\Input->bind(Object(Symfony\\Component\\Console\\Input\\InputDefinition))
#4 C:\\Users\\sam\\Documents\\File_Coding\\HTML_CSS_JAVASCRIPT_dan_GAMBAR\\Kuliah\\airlines\\vendor\\laravel\\framework\\src\\Illuminate\\Console\\Command.php(180): Symfony\\Component\\Console\\Command\\Command->run(Object(Symfony\\Component\\Console\\Input\\ArgvInput), Object(Illuminate\\Console\\OutputStyle))
#5 C:\\Users\\sam\\Documents\\File_Coding\\HTML_CSS_JAVASCRIPT_dan_GAMBAR\\Kuliah\\airlines\\vendor\\symfony\\console\\Application.php(1110): Illuminate\\Console\\Command->run(Object(Symfony\\Component\\Console\\Input\\ArgvInput), Object(Symfony\\Component\\Console\\Output\\ConsoleOutput))
#6 C:\\Users\\sam\\Documents\\File_Coding\\HTML_CSS_JAVASCRIPT_dan_GAMBAR\\Kuliah\\airlines\\vendor\\symfony\\console\\Application.php(359): Symfony\\Component\\Console\\Application->doRunCommand(Object(Illuminate\\Database\\Console\\Seeds\\SeedCommand), Object(Symfony\\Component\\Console\\Input\\ArgvInput), Object(Symfony\\Component\\Console\\Output\\ConsoleOutput))
#7 C:\\Users\\sam\\Documents\\File_Coding\\HTML_CSS_JAVASCRIPT_dan_GAMBAR\\Kuliah\\airlines\\vendor\\symfony\\console\\Application.php(194): Symfony\\Component\\Console\\Application->doRun(Object(Symfony\\Component\\Console\\Input\\ArgvInput), Object(Symfony\\Component\\Console\\Output\\ConsoleOutput))
#8 C:\\Users\\sam\\Documents\\File_Coding\\HTML_CSS_JAVASCRIPT_dan_GAMBAR\\Kuliah\\airlines\\vendor\\laravel\\framework\\src\\Illuminate\\Foundation\\Console\\Kernel.php(197): Symfony\\Component\\Console\\Application->run(Object(Symfony\\Component\\Console\\Input\\ArgvInput), Object(Symfony\\Component\\Console\\Output\\ConsoleOutput))
#9 C:\\Users\\sam\\Documents\\File_Coding\\HTML_CSS_JAVASCRIPT_dan_GAMBAR\\Kuliah\\airlines\\vendor\\laravel\\framework\\src\\Illuminate\\Foundation\\Application.php(1235): Illuminate\\Foundation\\Console\\Kernel->handle(Object(Symfony\\Component\\Console\\Input\\ArgvInput), Object(Symfony\\Component\\Console\\Output\\ConsoleOutput))
#10 C:\\Users\\sam\\Documents\\File_Coding\\HTML_CSS_JAVASCRIPT_dan_GAMBAR\\Kuliah\\airlines\\artisan(16): Illuminate\\Foundation\\Application->handleCommand(Object(Symfony\\Component\\Console\\Input\\ArgvInput))
#11 {main}
"} 
[2025-12-09 05:45:04] local.INFO: Profile photo updated successfully for user 2: profile-photos/gW7mYoybPn2MR00DQcNRX10oLHTZGsAa0hjqpDOI.jpg  
[2025-12-09 05:45:09] local.INFO: Profile photo updated successfully for user 2: profile-photos/gBJoLVZORFiIawvLcN52p4sEhurDCCV6DxRekpm7.jpg  
[2025-12-09 05:48:30] local.INFO: Profile photo updated successfully for user 2: profile-photos/Oz1caINcWabmXl15wQaIgGYQGGXNnAwwCp8tGjEZ.jpg  
[2025-12-09 06:15:55] local.INFO: Profile photo updated successfully for user 2: profile-photos/PYcGSGBZCEy3GWr7xqE0OVGqrMUn9wiAZEgOuX9Y.jpg  
[2025-12-09 06:17:40] local.INFO: Showing profile for user 2 with photo: profile-photos/PYcGSGBZCEy3GWr7xqE0OVGqrMUn9wiAZEgOuX9Y.jpg  
[2025-12-09 06:17:40] local.INFO: Profile Detail - User ID: 2  
[2025-12-09 06:17:40] local.INFO: Profile Detail - Photo Path: profile-photos/PYcGSGBZCEy3GWr7xqE0OVGqrMUn9wiAZEgOuX9Y.jpg  
[2025-12-09 06:17:40] local.INFO: Profile Detail - Photo exists, URL: http://127.0.0.1:8000/storage/profile-photos/PYcGSGBZCEy3GWr7xqE0OVGqrMUn9wiAZEgOuX9Y.jpg?v=1765261060  
[2025-12-09 06:18:16] local.INFO: Showing profile for user 2 with photo: profile-photos/PYcGSGBZCEy3GWr7xqE0OVGqrMUn9wiAZEgOuX9Y.jpg  
[2025-12-09 06:18:17] local.INFO: Profile Detail - User ID: 2  
[2025-12-09 06:18:17] local.INFO: Profile Detail - Photo Path: profile-photos/PYcGSGBZCEy3GWr7xqE0OVGqrMUn9wiAZEgOuX9Y.jpg  
[2025-12-09 06:18:17] local.INFO: Profile Detail - Photo exists, URL: http://127.0.0.1:8000/storage/profile-photos/PYcGSGBZCEy3GWr7xqE0OVGqrMUn9wiAZEgOuX9Y.jpg?v=1765261097  
[2025-12-09 06:18:22] local.INFO: Showing profile for user 2 with photo: profile-photos/PYcGSGBZCEy3GWr7xqE0OVGqrMUn9wiAZEgOuX9Y.jpg  
[2025-12-09 06:18:22] local.INFO: Profile Detail - User ID: 2  
[2025-12-09 06:18:22] local.INFO: Profile Detail - Photo Path: profile-photos/PYcGSGBZCEy3GWr7xqE0OVGqrMUn9wiAZEgOuX9Y.jpg  
[2025-12-09 06:18:22] local.INFO: Profile Detail - Photo exists, URL: http://127.0.0.1:8000/storage/profile-photos/PYcGSGBZCEy3GWr7xqE0OVGqrMUn9wiAZEgOuX9Y.jpg?v=1765261102  
[2025-12-09 06:18:25] local.INFO: === START UPDATE PROFILE PHOTO ===  
[2025-12-09 06:18:25] local.INFO: Validation passed  
[2025-12-09 06:18:25] local.INFO: User ID: 2  
[2025-12-09 06:18:25] local.INFO: User found: samuelarmando93@gmail.com  
[2025-12-09 06:18:25] local.INFO: Old profile photo: profile-photos/PYcGSGBZCEy3GWr7xqE0OVGqrMUn9wiAZEgOuX9Y.jpg  
[2025-12-09 06:18:25] local.INFO: Old photo deleted  
[2025-12-09 06:18:25] local.INFO: File received: backiee-114056.jpg  
[2025-12-09 06:18:25] local.INFO: File stored at: profile-photos/uOmY9jetcI6B136rdKiJ9lMg0mpip1Wgx7hDf9HR.jpg  
[2025-12-09 06:18:25] local.INFO: Method 1 (Model save) result: SUCCESS  
[2025-12-09 06:18:25] local.INFO: Method 2 (DB update) affected rows: 0  
[2025-12-09 06:18:25] local.INFO: Verification - Profile photo in DB: profile-photos/uOmY9jetcI6B136rdKiJ9lMg0mpip1Wgx7hDf9HR.jpg  
[2025-12-09 06:18:25] local.INFO: Session refreshed with new photo: profile-photos/uOmY9jetcI6B136rdKiJ9lMg0mpip1Wgx7hDf9HR.jpg  
[2025-12-09 06:18:25] local.INFO: === END UPDATE PROFILE PHOTO - SUCCESS ===  
[2025-12-09 06:18:25] local.INFO: Showing profile for user 2 with photo: profile-photos/uOmY9jetcI6B136rdKiJ9lMg0mpip1Wgx7hDf9HR.jpg  
[2025-12-09 06:18:25] local.INFO: Profile Detail - User ID: 2  
[2025-12-09 06:18:25] local.INFO: Profile Detail - Photo Path: profile-photos/uOmY9jetcI6B136rdKiJ9lMg0mpip1Wgx7hDf9HR.jpg  
[2025-12-09 06:18:25] local.INFO: Profile Detail - Photo exists, URL: http://127.0.0.1:8000/storage/profile-photos/uOmY9jetcI6B136rdKiJ9lMg0mpip1Wgx7hDf9HR.jpg?v=1765261105  
[2025-12-09 06:19:43] local.INFO: Showing profile for user 2 with photo: profile-photos/uOmY9jetcI6B136rdKiJ9lMg0mpip1Wgx7hDf9HR.jpg  
[2025-12-09 06:19:43] local.INFO: Profile Detail - User ID: 2  
[2025-12-09 06:19:43] local.INFO: Profile Detail - Photo Path: profile-photos/uOmY9jetcI6B136rdKiJ9lMg0mpip1Wgx7hDf9HR.jpg  
[2025-12-09 06:19:43] local.INFO: Profile Detail - Photo exists, URL: http://127.0.0.1:8000/storage/profile-photos/uOmY9jetcI6B136rdKiJ9lMg0mpip1Wgx7hDf9HR.jpg?v=1765261183  
[2025-12-09 06:19:48] local.INFO: === START UPDATE PROFILE PHOTO ===  
[2025-12-09 06:19:48] local.INFO: Validation passed  
[2025-12-09 06:19:48] local.INFO: User ID: 2  
[2025-12-09 06:19:48] local.INFO: User found: samuelarmando93@gmail.com  
[2025-12-09 06:19:48] local.INFO: Old profile photo: profile-photos/uOmY9jetcI6B136rdKiJ9lMg0mpip1Wgx7hDf9HR.jpg  
[2025-12-09 06:19:48] local.INFO: Old photo deleted  
[2025-12-09 06:19:48] local.INFO: File received: Rolls-Royce-Phantom_02.jpg  
[2025-12-09 06:19:48] local.INFO: File stored at: profile-photos/0AAWrTQR7Go8UzohO21dRmQJ7uqyTxKIkDPznUmP.jpg  
[2025-12-09 06:19:48] local.INFO: Method 1 (Model save) result: SUCCESS  
[2025-12-09 06:19:48] local.INFO: Method 2 (DB update) affected rows: 0  
[2025-12-09 06:19:48] local.INFO: Verification - Profile photo in DB: profile-photos/0AAWrTQR7Go8UzohO21dRmQJ7uqyTxKIkDPznUmP.jpg  
[2025-12-09 06:19:48] local.INFO: Session refreshed with new photo: profile-photos/0AAWrTQR7Go8UzohO21dRmQJ7uqyTxKIkDPznUmP.jpg  
[2025-12-09 06:19:48] local.INFO: === END UPDATE PROFILE PHOTO - SUCCESS ===  
[2025-12-09 06:19:48] local.INFO: Showing profile for user 2 with photo: profile-photos/0AAWrTQR7Go8UzohO21dRmQJ7uqyTxKIkDPznUmP.jpg  
[2025-12-09 06:19:48] local.INFO: Profile Detail - User ID: 2  
[2025-12-09 06:19:48] local.INFO: Profile Detail - Photo Path: profile-photos/0AAWrTQR7Go8UzohO21dRmQJ7uqyTxKIkDPznUmP.jpg  
[2025-12-09 06:19:48] local.INFO: Profile Detail - Photo exists, URL: http://127.0.0.1:8000/storage/profile-photos/0AAWrTQR7Go8UzohO21dRmQJ7uqyTxKIkDPznUmP.jpg?v=1765261188  
[2025-12-09 06:20:04] local.INFO: Showing profile for user 2 with photo: profile-photos/0AAWrTQR7Go8UzohO21dRmQJ7uqyTxKIkDPznUmP.jpg  
[2025-12-09 06:20:04] local.INFO: Profile Detail - User ID: 2  
[2025-12-09 06:20:04] local.INFO: Profile Detail - Photo Path: profile-photos/0AAWrTQR7Go8UzohO21dRmQJ7uqyTxKIkDPznUmP.jpg  
[2025-12-09 06:20:04] local.INFO: Profile Detail - Photo exists, URL: http://127.0.0.1:8000/storage/profile-photos/0AAWrTQR7Go8UzohO21dRmQJ7uqyTxKIkDPznUmP.jpg?v=1765261204  
[2025-12-09 06:20:10] local.INFO: === START UPDATE PROFILE PHOTO ===  
[2025-12-09 06:20:10] local.INFO: Validation passed  
[2025-12-09 06:20:10] local.INFO: User ID: 2  
[2025-12-09 06:20:10] local.INFO: User found: samuelarmando93@gmail.com  
[2025-12-09 06:20:10] local.INFO: Old profile photo: profile-photos/0AAWrTQR7Go8UzohO21dRmQJ7uqyTxKIkDPznUmP.jpg  
[2025-12-09 06:20:10] local.INFO: Old photo deleted  
[2025-12-09 06:20:10] local.INFO: File received: Rolls-Royce-Phantom_02.jpg  
[2025-12-09 06:20:10] local.INFO: File stored at: profile-photos/VcF9PuZJBEKLx05f3ZpIKQx1jwv1xLwe7hMcIQOd.jpg  
[2025-12-09 06:20:10] local.INFO: Method 1 (Model save) result: SUCCESS  
[2025-12-09 06:20:10] local.INFO: Method 2 (DB update) affected rows: 0  
[2025-12-09 06:20:10] local.INFO: Verification - Profile photo in DB: profile-photos/VcF9PuZJBEKLx05f3ZpIKQx1jwv1xLwe7hMcIQOd.jpg  
[2025-12-09 06:20:10] local.INFO: Session refreshed with new photo: profile-photos/VcF9PuZJBEKLx05f3ZpIKQx1jwv1xLwe7hMcIQOd.jpg  
[2025-12-09 06:20:10] local.INFO: === END UPDATE PROFILE PHOTO - SUCCESS ===  
[2025-12-09 06:20:10] local.INFO: Showing profile for user 2 with photo: profile-photos/VcF9PuZJBEKLx05f3ZpIKQx1jwv1xLwe7hMcIQOd.jpg  
[2025-12-09 06:20:10] local.INFO: Profile Detail - User ID: 2  
[2025-12-09 06:20:10] local.INFO: Profile Detail - Photo Path: profile-photos/VcF9PuZJBEKLx05f3ZpIKQx1jwv1xLwe7hMcIQOd.jpg  
[2025-12-09 06:20:10] local.INFO: Profile Detail - Photo exists, URL: http://127.0.0.1:8000/storage/profile-photos/VcF9PuZJBEKLx05f3ZpIKQx1jwv1xLwe7hMcIQOd.jpg?v=1765261210  
[2025-12-09 06:20:19] local.INFO: Showing profile for user 2 with photo: profile-photos/VcF9PuZJBEKLx05f3ZpIKQx1jwv1xLwe7hMcIQOd.jpg  
[2025-12-09 06:20:19] local.INFO: Profile Detail - User ID: 2  
[2025-12-09 06:20:19] local.INFO: Profile Detail - Photo Path: profile-photos/VcF9PuZJBEKLx05f3ZpIKQx1jwv1xLwe7hMcIQOd.jpg  
[2025-12-09 06:20:19] local.INFO: Profile Detail - Photo exists, URL: http://127.0.0.1:8000/storage/profile-photos/VcF9PuZJBEKLx05f3ZpIKQx1jwv1xLwe7hMcIQOd.jpg?v=1765261219  
[2025-12-09 06:20:33] local.INFO: === START UPDATE PROFILE PHOTO ===  
[2025-12-09 06:20:33] local.INFO: Validation passed  
[2025-12-09 06:20:33] local.INFO: User ID: 2  
[2025-12-09 06:20:33] local.INFO: User found: samuelarmando93@gmail.com  
[2025-12-09 06:20:33] local.INFO: Old profile photo: profile-photos/VcF9PuZJBEKLx05f3ZpIKQx1jwv1xLwe7hMcIQOd.jpg  
[2025-12-09 06:20:33] local.INFO: Old photo deleted  
[2025-12-09 06:20:33] local.INFO: File received: backiee-39876.jpg  
[2025-12-09 06:20:33] local.INFO: File stored at: profile-photos/Seo1fqfL7We5iFry9lfIhgl3XrbVfpjXABPb3UWW.jpg  
[2025-12-09 06:20:33] local.INFO: Method 1 (Model save) result: SUCCESS  
[2025-12-09 06:20:33] local.INFO: Method 2 (DB update) affected rows: 0  
[2025-12-09 06:20:33] local.INFO: Verification - Profile photo in DB: profile-photos/Seo1fqfL7We5iFry9lfIhgl3XrbVfpjXABPb3UWW.jpg  
[2025-12-09 06:20:33] local.INFO: Session refreshed with new photo: profile-photos/Seo1fqfL7We5iFry9lfIhgl3XrbVfpjXABPb3UWW.jpg  
[2025-12-09 06:20:33] local.INFO: === END UPDATE PROFILE PHOTO - SUCCESS ===  
[2025-12-09 06:20:33] local.INFO: Showing profile for user 2 with photo: profile-photos/Seo1fqfL7We5iFry9lfIhgl3XrbVfpjXABPb3UWW.jpg  
[2025-12-09 06:20:33] local.INFO: Profile Detail - User ID: 2  
[2025-12-09 06:20:33] local.INFO: Profile Detail - Photo Path: profile-photos/Seo1fqfL7We5iFry9lfIhgl3XrbVfpjXABPb3UWW.jpg  
[2025-12-09 06:20:33] local.INFO: Profile Detail - Photo exists, URL: http://127.0.0.1:8000/storage/profile-photos/Seo1fqfL7We5iFry9lfIhgl3XrbVfpjXABPb3UWW.jpg?v=1765261233  
[2025-12-09 06:20:41] local.INFO: Showing profile for user 2 with photo: profile-photos/Seo1fqfL7We5iFry9lfIhgl3XrbVfpjXABPb3UWW.jpg  
[2025-12-09 06:20:41] local.INFO: Profile Detail - User ID: 2  
[2025-12-09 06:20:41] local.INFO: Profile Detail - Photo Path: profile-photos/Seo1fqfL7We5iFry9lfIhgl3XrbVfpjXABPb3UWW.jpg  
[2025-12-09 06:20:41] local.INFO: Profile Detail - Photo exists, URL: http://127.0.0.1:8000/storage/profile-photos/Seo1fqfL7We5iFry9lfIhgl3XrbVfpjXABPb3UWW.jpg?v=1765261241  
[2025-12-09 06:21:05] local.INFO: Showing profile for user 2 with photo: profile-photos/Seo1fqfL7We5iFry9lfIhgl3XrbVfpjXABPb3UWW.jpg  
[2025-12-09 06:21:05] local.INFO: Profile Detail - User ID: 2  
[2025-12-09 06:21:05] local.INFO: Profile Detail - Photo Path: profile-photos/Seo1fqfL7We5iFry9lfIhgl3XrbVfpjXABPb3UWW.jpg  
[2025-12-09 06:21:05] local.INFO: Profile Detail - Photo exists, URL: http://127.0.0.1:8000/storage/profile-photos/Seo1fqfL7We5iFry9lfIhgl3XrbVfpjXABPb3UWW.jpg?v=1765261265  
[2025-12-09 06:21:11] local.INFO: Showing profile for user 2 with photo: profile-photos/Seo1fqfL7We5iFry9lfIhgl3XrbVfpjXABPb3UWW.jpg  
[2025-12-09 06:21:11] local.INFO: Profile Detail - User ID: 2  
[2025-12-09 06:21:11] local.INFO: Profile Detail - Photo Path: profile-photos/Seo1fqfL7We5iFry9lfIhgl3XrbVfpjXABPb3UWW.jpg  
[2025-12-09 06:21:11] local.INFO: Profile Detail - Photo exists, URL: http://127.0.0.1:8000/storage/profile-photos/Seo1fqfL7We5iFry9lfIhgl3XrbVfpjXABPb3UWW.jpg?v=1765261271  
[2025-12-09 06:24:51] local.INFO: Showing profile for user 2 with photo: profile-photos/Seo1fqfL7We5iFry9lfIhgl3XrbVfpjXABPb3UWW.jpg  
[2025-12-09 06:24:51] local.INFO: Profile Detail - User ID: 2  
[2025-12-09 06:24:51] local.INFO: Profile Detail - Photo Path: profile-photos/Seo1fqfL7We5iFry9lfIhgl3XrbVfpjXABPb3UWW.jpg  
[2025-12-09 06:24:51] local.INFO: Profile Detail - Photo exists, URL: http://127.0.0.1:8000/storage/profile-photos/Seo1fqfL7We5iFry9lfIhgl3XrbVfpjXABPb3UWW.jpg?v=1765261491  
[2025-12-09 06:28:07] local.ERROR: Class "App\Http\Controllers\Auth" not found {"userId":1,"exception":"[object] (Error(code: 0): Class \"App\\Http\\Controllers\\Auth\" not found at C:\\Users\\sam\\Documents\\File_Coding\\HTML_CSS_JAVASCRIPT_dan_GAMBAR\\Kuliah\\airlines\\app\\Http\\Controllers\\AdminMemberController.php:53)
[stacktrace]
#0 C:\\Users\\sam\\Documents\\File_Coding\\HTML_CSS_JAVASCRIPT_dan_GAMBAR\\Kuliah\\airlines\\vendor\\laravel\\framework\\src\\Illuminate\\Routing\\ControllerDispatcher.php(46): App\\Http\\Controllers\\AdminMemberController->destroy(Object(App\\Models\\User))
#1 C:\\Users\\sam\\Documents\\File_Coding\\HTML_CSS_JAVASCRIPT_dan_GAMBAR\\Kuliah\\airlines\\vendor\\laravel\\framework\\src\\Illuminate\\Routing\\Route.php(265): Illuminate\\Routing\\ControllerDispatcher->dispatch(Object(Illuminate\\Routing\\Route), Object(App\\Http\\Controllers\\AdminMemberController), 'destroy')
#2 C:\\Users\\sam\\Documents\\File_Coding\\HTML_CSS_JAVASCRIPT_dan_GAMBAR\\Kuliah\\airlines\\vendor\\laravel\\framework\\src\\Illuminate\\Routing\\Route.php(211): Illuminate\\Routing\\Route->runController()
#3 C:\\Users\\sam\\Documents\\File_Coding\\HTML_CSS_JAVASCRIPT_dan_GAMBAR\\Kuliah\\airlines\\vendor\\laravel\\framework\\src\\Illuminate\\Routing\\Router.php(822): Illuminate\\Routing\\Route->run()
#4 C:\\Users\\sam\\Documents\\File_Coding\\HTML_CSS_JAVASCRIPT_dan_GAMBAR\\Kuliah\\airlines\\vendor\\laravel\\framework\\src\\Illuminate\\Pipeline\\Pipeline.php(180): Illuminate\\Routing\\Router->{closure:Illuminate\\Routing\\Router::runRouteWithinStack():821}(Object(Illuminate\\Http\\Request))
#5 C:\\Users\\sam\\Documents\\File_Coding\\HTML_CSS_JAVASCRIPT_dan_GAMBAR\\Kuliah\\airlines\\app\\Http\\Middleware\\AdminMiddleware.php(25): Illuminate\\Pipeline\\Pipeline->{closure:Illuminate\\Pipeline\\Pipeline::prepareDestination():178}(Object(Illuminate\\Http\\Request))
#6 C:\\Users\\sam\\Documents\\File_Coding\\HTML_CSS_JAVASCRIPT_dan_GAMBAR\\Kuliah\\airlines\\vendor\\laravel\\framework\\src\\Illuminate\\Pipeline\\Pipeline.php(219): App\\Http\\Middleware\\AdminMiddleware->handle(Object(Illuminate\\Http\\Request), Object(Closure))
#7 C:\\Users\\sam\\Documents\\File_Coding\\HTML_CSS_JAVASCRIPT_dan_GAMBAR\\Kuliah\\airlines\\vendor\\laravel\\framework\\src\\Illuminate\\Routing\\Middleware\\SubstituteBindings.php(50): Illuminate\\Pipeline\\Pipeline->{closure:{closure:Illuminate\\Pipeline\\Pipeline::carry():194}:195}(Object(Illuminate\\Http\\Request))
#8 C:\\Users\\sam\\Documents\\File_Coding\\HTML_CSS_JAVASCRIPT_dan_GAMBAR\\Kuliah\\airlines\\vendor\\laravel\\framework\\src\\Illuminate\\Pipeline\\Pipeline.php(219): Illuminate\\Routing\\Middleware\\SubstituteBindings->handle(Object(Illuminate\\Http\\Request), Object(Closure))
#9 C:\\Users\\sam\\Documents\\File_Coding\\HTML_CSS_JAVASCRIPT_dan_GAMBAR\\Kuliah\\airlines\\vendor\\laravel\\framework\\src\\Illuminate\\Auth\\Middleware\\Authenticate.php(63): Illuminate\\Pipeline\\Pipeline->{closure:{closure:Illuminate\\Pipeline\\Pipeline::carry():194}:195}(Object(Illuminate\\Http\\Request))
#10 C:\\Users\\sam\\Documents\\File_Coding\\HTML_CSS_JAVASCRIPT_dan_GAMBAR\\Kuliah\\airlines\\vendor\\laravel\\framework\\src\\Illuminate\\Pipeline\\Pipeline.php(219): Illuminate\\Auth\\Middleware\\Authenticate->handle(Object(Illuminate\\Http\\Request), Object(Closure))
#11 C:\\Users\\sam\\Documents\\File_Coding\\HTML_CSS_JAVASCRIPT_dan_GAMBAR\\Kuliah\\airlines\\vendor\\laravel\\framework\\src\\Illuminate\\Foundation\\Http\\Middleware\\VerifyCsrfToken.php(87): Illuminate\\Pipeline\\Pipeline->{closure:{closure:Illuminate\\Pipeline\\Pipeline::carry():194}:195}(Object(Illuminate\\Http\\Request))
#12 C:\\Users\\sam\\Documents\\File_Coding\\HTML_CSS_JAVASCRIPT_dan_GAMBAR\\Kuliah\\airlines\\vendor\\laravel\\framework\\src\\Illuminate\\Pipeline\\Pipeline.php(219): Illuminate\\Foundation\\Http\\Middleware\\VerifyCsrfToken->handle(Object(Illuminate\\Http\\Request), Object(Closure))
#13 C:\\Users\\sam\\Documents\\File_Coding\\HTML_CSS_JAVASCRIPT_dan_GAMBAR\\Kuliah\\airlines\\vendor\\laravel\\framework\\src\\Illuminate\\View\\Middleware\\ShareErrorsFromSession.php(48): Illuminate\\Pipeline\\Pipeline->{closure:{closure:Illuminate\\Pipeline\\Pipeline::carry():194}:195}(Object(Illuminate\\Http\\Request))
#14 C:\\Users\\sam\\Documents\\File_Coding\\HTML_CSS_JAVASCRIPT_dan_GAMBAR\\Kuliah\\airlines\\vendor\\laravel\\framework\\src\\Illuminate\\Pipeline\\Pipeline.php(219): Illuminate\\View\\Middleware\\ShareErrorsFromSession->handle(Object(Illuminate\\Http\\Request), Object(Closure))
#15 C:\\Users\\sam\\Documents\\File_Coding\\HTML_CSS_JAVASCRIPT_dan_GAMBAR\\Kuliah\\airlines\\vendor\\laravel\\framework\\src\\Illuminate\\Session\\Middleware\\StartSession.php(120): Illuminate\\Pipeline\\Pipeline->{closure:{closure:Illuminate\\Pipeline\\Pipeline::carry():194}:195}(Object(Illuminate\\Http\\Request))
#16 C:\\Users\\sam\\Documents\\File_Coding\\HTML_CSS_JAVASCRIPT_dan_GAMBAR\\Kuliah\\airlines\\vendor\\laravel\\framework\\src\\Illuminate\\Session\\Middleware\\StartSession.php(63): Illuminate\\Session\\Middleware\\StartSession->handleStatefulRequest(Object(Illuminate\\Http\\Request), Object(Illuminate\\Session\\Store), Object(Closure))
#17 C:\\Users\\sam\\Documents\\File_Coding\\HTML_CSS_JAVASCRIPT_dan_GAMBAR\\Kuliah\\airlines\\vendor\\laravel\\framework\\src\\Illuminate\\Pipeline\\Pipeline.php(219): Illuminate\\Session\\Middleware\\StartSession->handle(Object(Illuminate\\Http\\Request), Object(Closure))
#18 C:\\Users\\sam\\Documents\\File_Coding\\HTML_CSS_JAVASCRIPT_dan_GAMBAR\\Kuliah\\airlines\\vendor\\laravel\\framework\\src\\Illuminate\\Cookie\\Middleware\\AddQueuedCookiesToResponse.php(36): Illuminate\\Pipeline\\Pipeline->{closure:{closure:Illuminate\\Pipeline\\Pipeline::carry():194}:195}(Object(Illuminate\\Http\\Request))
#19 C:\\Users\\sam\\Documents\\File_Coding\\HTML_CSS_JAVASCRIPT_dan_GAMBAR\\Kuliah\\airlines\\vendor\\laravel\\framework\\src\\Illuminate\\Pipeline\\Pipeline.php(219): Illuminate\\Cookie\\Middleware\\AddQueuedCookiesToResponse->handle(Object(Illuminate\\Http\\Request), Object(Closure))
#20 C:\\Users\\sam\\Documents\\File_Coding\\HTML_CSS_JAVASCRIPT_dan_GAMBAR\\Kuliah\\airlines\\vendor\\laravel\\framework\\src\\Illuminate\\Cookie\\Middleware\\EncryptCookies.php(74): Illuminate\\Pipeline\\Pipeline->{closure:{closure:Illuminate\\Pipeline\\Pipeline::carry():194}:195}(Object(Illuminate\\Http\\Request))
#21 C:\\Users\\sam\\Documents\\File_Coding\\HTML_CSS_JAVASCRIPT_dan_GAMBAR\\Kuliah\\airlines\\vendor\\laravel\\framework\\src\\Illuminate\\Pipeline\\Pipeline.php(219): Illuminate\\Cookie\\Middleware\\EncryptCookies->handle(Object(Illuminate\\Http\\Request), Object(Closure))
#22 C:\\Users\\sam\\Documents\\File_Coding\\HTML_CSS_JAVASCRIPT_dan_GAMBAR\\Kuliah\\airlines\\vendor\\laravel\\framework\\src\\Illuminate\\Pipeline\\Pipeline.php(137): Illuminate\\Pipeline\\Pipeline->{closure:{closure:Illuminate\\Pipeline\\Pipeline::carry():194}:195}(Object(Illuminate\\Http\\Request))
#23 C:\\Users\\sam\\Documents\\File_Coding\\HTML_CSS_JAVASCRIPT_dan_GAMBAR\\Kuliah\\airlines\\vendor\\laravel\\framework\\src\\Illuminate\\Routing\\Router.php(821): Illuminate\\Pipeline\\Pipeline->then(Object(Closure))
#24 C:\\Users\\sam\\Documents\\File_Coding\\HTML_CSS_JAVASCRIPT_dan_GAMBAR\\Kuliah\\airlines\\vendor\\laravel\\framework\\src\\Illuminate\\Routing\\Router.php(800): Illuminate\\Routing\\Router->runRouteWithinStack(Object(Illuminate\\Routing\\Route), Object(Illuminate\\Http\\Request))
#25 C:\\Users\\sam\\Documents\\File_Coding\\HTML_CSS_JAVASCRIPT_dan_GAMBAR\\Kuliah\\airlines\\vendor\\laravel\\framework\\src\\Illuminate\\Routing\\Router.php(764): Illuminate\\Routing\\Router->runRoute(Object(Illuminate\\Http\\Request), Object(Illuminate\\Routing\\Route))
#26 C:\\Users\\sam\\Documents\\File_Coding\\HTML_CSS_JAVASCRIPT_dan_GAMBAR\\Kuliah\\airlines\\vendor\\laravel\\framework\\src\\Illuminate\\Routing\\Router.php(753): Illuminate\\Routing\\Router->dispatchToRoute(Object(Illuminate\\Http\\Request))
#27 C:\\Users\\sam\\Documents\\File_Coding\\HTML_CSS_JAVASCRIPT_dan_GAMBAR\\Kuliah\\airlines\\vendor\\laravel\\framework\\src\\Illuminate\\Foundation\\Http\\Kernel.php(200): Illuminate\\Routing\\Router->dispatch(Object(Illuminate\\Http\\Request))
#28 C:\\Users\\sam\\Documents\\File_Coding\\HTML_CSS_JAVASCRIPT_dan_GAMBAR\\Kuliah\\airlines\\vendor\\laravel\\framework\\src\\Illuminate\\Pipeline\\Pipeline.php(180): Illuminate\\Foundation\\Http\\Kernel->{closure:Illuminate\\Foundation\\Http\\Kernel::dispatchToRouter():197}(Object(Illuminate\\Http\\Request))
#29 C:\\Users\\sam\\Documents\\File_Coding\\HTML_CSS_JAVASCRIPT_dan_GAMBAR\\Kuliah\\airlines\\vendor\\laravel\\framework\\src\\Illuminate\\Foundation\\Http\\Middleware\\TransformsRequest.php(21): Illuminate\\Pipeline\\Pipeline->{closure:Illuminate\\Pipeline\\Pipeline::prepareDestination():178}(Object(Illuminate\\Http\\Request))
#30 C:\\Users\\sam\\Documents\\File_Coding\\HTML_CSS_JAVASCRIPT_dan_GAMBAR\\Kuliah\\airlines\\vendor\\laravel\\framework\\src\\Illuminate\\Foundation\\Http\\Middleware\\ConvertEmptyStringsToNull.php(31): Illuminate\\Foundation\\Http\\Middleware\\TransformsRequest->handle(Object(Illuminate\\Http\\Request), Object(Closure))
#31 C:\\Users\\sam\\Documents\\File_Coding\\HTML_CSS_JAVASCRIPT_dan_GAMBAR\\Kuliah\\airlines\\vendor\\laravel\\framework\\src\\Illuminate\\Pipeline\\Pipeline.php(219): Illuminate\\Foundation\\Http\\Middleware\\ConvertEmptyStringsToNull->handle(Object(Illuminate\\Http\\Request), Object(Closure))
#32 C:\\Users\\sam\\Documents\\File_Coding\\HTML_CSS_JAVASCRIPT_dan_GAMBAR\\Kuliah\\airlines\\vendor\\laravel\\framework\\src\\Illuminate\\Foundation\\Http\\Middleware\\TransformsRequest.php(21): Illuminate\\Pipeline\\Pipeline->{closure:{closure:Illuminate\\Pipeline\\Pipeline::carry():194}:195}(Object(Illuminate\\Http\\Request))
#33 C:\\Users\\sam\\Documents\\File_Coding\\HTML_CSS_JAVASCRIPT_dan_GAMBAR\\Kuliah\\airlines\\vendor\\laravel\\framework\\src\\Illuminate\\Foundation\\Http\\Middleware\\TrimStrings.php(51): Illuminate\\Foundation\\Http\\Middleware\\TransformsRequest->handle(Object(Illuminate\\Http\\Request), Object(Closure))
#34 C:\\Users\\sam\\Documents\\File_Coding\\HTML_CSS_JAVASCRIPT_dan_GAMBAR\\Kuliah\\airlines\\vendor\\laravel\\framework\\src\\Illuminate\\Pipeline\\Pipeline.php(219): Illuminate\\Foundation\\Http\\Middleware\\TrimStrings->handle(Object(Illuminate\\Http\\Request), Object(Closure))
#35 C:\\Users\\sam\\Documents\\File_Coding\\HTML_CSS_JAVASCRIPT_dan_GAMBAR\\Kuliah\\airlines\\vendor\\laravel\\framework\\src\\Illuminate\\Http\\Middleware\\ValidatePostSize.php(27): Illuminate\\Pipeline\\Pipeline->{closure:{closure:Illuminate\\Pipeline\\Pipeline::carry():194}:195}(Object(Illuminate\\Http\\Request))
#36 C:\\Users\\sam\\Documents\\File_Coding\\HTML_CSS_JAVASCRIPT_dan_GAMBAR\\Kuliah\\airlines\\vendor\\laravel\\framework\\src\\Illuminate\\Pipeline\\Pipeline.php(219): Illuminate\\Http\\Middleware\\ValidatePostSize->handle(Object(Illuminate\\Http\\Request), Object(Closure))
#37 C:\\Users\\sam\\Documents\\File_Coding\\HTML_CSS_JAVASCRIPT_dan_GAMBAR\\Kuliah\\airlines\\vendor\\laravel\\framework\\src\\Illuminate\\Foundation\\Http\\Middleware\\PreventRequestsDuringMaintenance.php(109): Illuminate\\Pipeline\\Pipeline->{closure:{closure:Illuminate\\Pipeline\\Pipeline::carry():194}:195}(Object(Illuminate\\Http\\Request))
#38 C:\\Users\\sam\\Documents\\File_Coding\\HTML_CSS_JAVASCRIPT_dan_GAMBAR\\Kuliah\\airlines\\vendor\\laravel\\framework\\src\\Illuminate\\Pipeline\\Pipeline.php(219): Illuminate\\Foundation\\Http\\Middleware\\PreventRequestsDuringMaintenance->handle(Object(Illuminate\\Http\\Request), Object(Closure))
#39 C:\\Users\\sam\\Documents\\File_Coding\\HTML_CSS_JAVASCRIPT_dan_GAMBAR\\Kuliah\\airlines\\vendor\\laravel\\framework\\src\\Illuminate\\Http\\Middleware\\HandleCors.php(48): Illuminate\\Pipeline\\Pipeline->{closure:{closure:Illuminate\\Pipeline\\Pipeline::carry():194}:195}(Object(Illuminate\\Http\\Request))
#40 C:\\Users\\sam\\Documents\\File_Coding\\HTML_CSS_JAVASCRIPT_dan_GAMBAR\\Kuliah\\airlines\\vendor\\laravel\\framework\\src\\Illuminate\\Pipeline\\Pipeline.php(219): Illuminate\\Http\\Middleware\\HandleCors->handle(Object(Illuminate\\Http\\Request), Object(Closure))
#41 C:\\Users\\sam\\Documents\\File_Coding\\HTML_CSS_JAVASCRIPT_dan_GAMBAR\\Kuliah\\airlines\\vendor\\laravel\\framework\\src\\Illuminate\\Http\\Middleware\\TrustProxies.php(58): Illuminate\\Pipeline\\Pipeline->{closure:{closure:Illuminate\\Pipeline\\Pipeline::carry():194}:195}(Object(Illuminate\\Http\\Request))
#42 C:\\Users\\sam\\Documents\\File_Coding\\HTML_CSS_JAVASCRIPT_dan_GAMBAR\\Kuliah\\airlines\\vendor\\laravel\\framework\\src\\Illuminate\\Pipeline\\Pipeline.php(219): Illuminate\\Http\\Middleware\\TrustProxies->handle(Object(Illuminate\\Http\\Request), Object(Closure))
#43 C:\\Users\\sam\\Documents\\File_Coding\\HTML_CSS_JAVASCRIPT_dan_GAMBAR\\Kuliah\\airlines\\vendor\\laravel\\framework\\src\\Illuminate\\Foundation\\Http\\Middleware\\InvokeDeferredCallbacks.php(22): Illuminate\\Pipeline\\Pipeline->{closure:{closure:Illuminate\\Pipeline\\Pipeline::carry():194}:195}(Object(Illuminate\\Http\\Request))
#44 C:\\Users\\sam\\Documents\\File_Coding\\HTML_CSS_JAVASCRIPT_dan_GAMBAR\\Kuliah\\airlines\\vendor\\laravel\\framework\\src\\Illuminate\\Pipeline\\Pipeline.php(219): Illuminate\\Foundation\\Http\\Middleware\\InvokeDeferredCallbacks->handle(Object(Illuminate\\Http\\Request), Object(Closure))
#45 C:\\Users\\sam\\Documents\\File_Coding\\HTML_CSS_JAVASCRIPT_dan_GAMBAR\\Kuliah\\airlines\\vendor\\laravel\\framework\\src\\Illuminate\\Http\\Middleware\\ValidatePathEncoding.php(26): Illuminate\\Pipeline\\Pipeline->{closure:{closure:Illuminate\\Pipeline\\Pipeline::carry():194}:195}(Object(Illuminate\\Http\\Request))
#46 C:\\Users\\sam\\Documents\\File_Coding\\HTML_CSS_JAVASCRIPT_dan_GAMBAR\\Kuliah\\airlines\\vendor\\laravel\\framework\\src\\Illuminate\\Pipeline\\Pipeline.php(219): Illuminate\\Http\\Middleware\\ValidatePathEncoding->handle(Object(Illuminate\\Http\\Request), Object(Closure))
#47 C:\\Users\\sam\\Documents\\File_Coding\\HTML_CSS_JAVASCRIPT_dan_GAMBAR\\Kuliah\\airlines\\vendor\\laravel\\framework\\src\\Illuminate\\Pipeline\\Pipeline.php(137): Illuminate\\Pipeline\\Pipeline->{closure:{closure:Illuminate\\Pipeline\\Pipeline::carry():194}:195}(Object(Illuminate\\Http\\Request))
#48 C:\\Users\\sam\\Documents\\File_Coding\\HTML_CSS_JAVASCRIPT_dan_GAMBAR\\Kuliah\\airlines\\vendor\\laravel\\framework\\src\\Illuminate\\Foundation\\Http\\Kernel.php(175): Illuminate\\Pipeline\\Pipeline->then(Object(Closure))
#49 C:\\Users\\sam\\Documents\\File_Coding\\HTML_CSS_JAVASCRIPT_dan_GAMBAR\\Kuliah\\airlines\\vendor\\laravel\\framework\\src\\Illuminate\\Foundation\\Http\\Kernel.php(144): Illuminate\\Foundation\\Http\\Kernel->sendRequestThroughRouter(Object(Illuminate\\Http\\Request))
#50 C:\\Users\\sam\\Documents\\File_Coding\\HTML_CSS_JAVASCRIPT_dan_GAMBAR\\Kuliah\\airlines\\vendor\\laravel\\framework\\src\\Illuminate\\Foundation\\Application.php(1220): Illuminate\\Foundation\\Http\\Kernel->handle(Object(Illuminate\\Http\\Request))
#51 C:\\Users\\sam\\Documents\\File_Coding\\HTML_CSS_JAVASCRIPT_dan_GAMBAR\\Kuliah\\airlines\\public\\index.php(20): Illuminate\\Foundation\\Application->handleRequest(Object(Illuminate\\Http\\Request))
#52 C:\\Users\\sam\\Documents\\File_Coding\\HTML_CSS_JAVASCRIPT_dan_GAMBAR\\Kuliah\\airlines\\vendor\\laravel\\framework\\src\\Illuminate\\Foundation\\resources\\server.php(23): require_once('C:\\\\Users\\\\sam\\\\Do...')
#53 {main}
"} 
[2025-12-20 12:31:59] local.ERROR: This password does not use the Bcrypt algorithm. {"exception":"[object] (RuntimeException(code: 0): This password does not use the Bcrypt algorithm. at C:\\Users\\sam\\Documents\\File_Coding\\HTML_CSS_JAVASCRIPT_dan_GAMBAR\\Kuliah\\airlines\\vendor\\laravel\\framework\\src\\Illuminate\\Hashing\\BcryptHasher.php:88)
[stacktrace]
#0 C:\\Users\\sam\\Documents\\File_Coding\\HTML_CSS_JAVASCRIPT_dan_GAMBAR\\Kuliah\\airlines\\vendor\\laravel\\framework\\src\\Illuminate\\Hashing\\HashManager.php(76): Illuminate\\Hashing\\BcryptHasher->check(Object(SensitiveParameterValue), 'admin123', Array)
#1 C:\\Users\\sam\\Documents\\File_Coding\\HTML_CSS_JAVASCRIPT_dan_GAMBAR\\Kuliah\\airlines\\vendor\\laravel\\framework\\src\\Illuminate\\Auth\\EloquentUserProvider.php(158): Illuminate\\Hashing\\HashManager->check(Object(SensitiveParameterValue), 'admin123')
#2 C:\\Users\\sam\\Documents\\File_Coding\\HTML_CSS_JAVASCRIPT_dan_GAMBAR\\Kuliah\\airlines\\vendor\\laravel\\framework\\src\\Illuminate\\Auth\\SessionGuard.php(481): Illuminate\\Auth\\EloquentUserProvider->validateCredentials(Object(App\\Models\\User), Object(SensitiveParameterValue))
#3 C:\\Users\\sam\\Documents\\File_Coding\\HTML_CSS_JAVASCRIPT_dan_GAMBAR\\Kuliah\\airlines\\vendor\\laravel\\framework\\src\\Illuminate\\Auth\\SessionGuard.php(419): Illuminate\\Auth\\SessionGuard->hasValidCredentials(Object(App\\Models\\User), Array)
#4 C:\\Users\\sam\\Documents\\File_Coding\\HTML_CSS_JAVASCRIPT_dan_GAMBAR\\Kuliah\\airlines\\vendor\\laravel\\framework\\src\\Illuminate\\Support\\Timebox.php(34): Illuminate\\Auth\\SessionGuard->{closure:Illuminate\\Auth\\SessionGuard::attempt():411}(Object(Illuminate\\Support\\Timebox))
#5 C:\\Users\\sam\\Documents\\File_Coding\\HTML_CSS_JAVASCRIPT_dan_GAMBAR\\Kuliah\\airlines\\vendor\\laravel\\framework\\src\\Illuminate\\Auth\\SessionGuard.php(411): Illuminate\\Support\\Timebox->call(Object(Closure), 200000)
#6 C:\\Users\\sam\\Documents\\File_Coding\\HTML_CSS_JAVASCRIPT_dan_GAMBAR\\Kuliah\\airlines\\vendor\\laravel\\framework\\src\\Illuminate\\Auth\\AuthManager.php(333): Illuminate\\Auth\\SessionGuard->attempt(Array)
#7 C:\\Users\\sam\\Documents\\File_Coding\\HTML_CSS_JAVASCRIPT_dan_GAMBAR\\Kuliah\\airlines\\vendor\\laravel\\framework\\src\\Illuminate\\Support\\Facades\\Facade.php(363): Illuminate\\Auth\\AuthManager->__call('attempt', Array)
#8 C:\\Users\\sam\\Documents\\File_Coding\\HTML_CSS_JAVASCRIPT_dan_GAMBAR\\Kuliah\\airlines\\app\\Http\\Controllers\\UserController.php(36): Illuminate\\Support\\Facades\\Facade::__callStatic('attempt', Array)
#9 C:\\Users\\sam\\Documents\\File_Coding\\HTML_CSS_JAVASCRIPT_dan_GAMBAR\\Kuliah\\airlines\\vendor\\laravel\\framework\\src\\Illuminate\\Routing\\ControllerDispatcher.php(46): App\\Http\\Controllers\\UserController->login(Object(Illuminate\\Http\\Request))
#10 C:\\Users\\sam\\Documents\\File_Coding\\HTML_CSS_JAVASCRIPT_dan_GAMBAR\\Kuliah\\airlines\\vendor\\laravel\\framework\\src\\Illuminate\\Routing\\Route.php(265): Illuminate\\Routing\\ControllerDispatcher->dispatch(Object(Illuminate\\Routing\\Route), Object(App\\Http\\Controllers\\UserController), 'login')
#11 C:\\Users\\sam\\Documents\\File_Coding\\HTML_CSS_JAVASCRIPT_dan_GAMBAR\\Kuliah\\airlines\\vendor\\laravel\\framework\\src\\Illuminate\\Routing\\Route.php(211): Illuminate\\Routing\\Route->runController()
#12 C:\\Users\\sam\\Documents\\File_Coding\\HTML_CSS_JAVASCRIPT_dan_GAMBAR\\Kuliah\\airlines\\vendor\\laravel\\framework\\src\\Illuminate\\Routing\\Router.php(822): Illuminate\\Routing\\Route->run()
#13 C:\\Users\\sam\\Documents\\File_Coding\\HTML_CSS_JAVASCRIPT_dan_GAMBAR\\Kuliah\\airlines\\vendor\\laravel\\framework\\src\\Illuminate\\Pipeline\\Pipeline.php(180): Illuminate\\Routing\\Router->{closure:Illuminate\\Routing\\Router::runRouteWithinStack():821}(Object(Illuminate\\Http\\Request))
#14 C:\\Users\\sam\\Documents\\File_Coding\\HTML_CSS_JAVASCRIPT_dan_GAMBAR\\Kuliah\\airlines\\vendor\\laravel\\framework\\src\\Illuminate\\Routing\\Middleware\\SubstituteBindings.php(50): Illuminate\\Pipeline\\Pipeline->{closure:Illuminate\\Pipeline\\Pipeline::prepareDestination():178}(Object(Illuminate\\Http\\Request))
#15 C:\\Users\\sam\\Documents\\File_Coding\\HTML_CSS_JAVASCRIPT_dan_GAMBAR\\Kuliah\\airlines\\vendor\\laravel\\framework\\src\\Illuminate\\Pipeline\\Pipeline.php(219): Illuminate\\Routing\\Middleware\\SubstituteBindings->handle(Object(Illuminate\\Http\\Request), Object(Closure))
#16 C:\\Users\\sam\\Documents\\File_Coding\\HTML_CSS_JAVASCRIPT_dan_GAMBAR\\Kuliah\\airlines\\vendor\\laravel\\framework\\src\\Illuminate\\Foundation\\Http\\Middleware\\VerifyCsrfToken.php(87): Illuminate\\Pipeline\\Pipeline->{closure:{closure:Illuminate\\Pipeline\\Pipeline::carry():194}:195}(Object(Illuminate\\Http\\Request))
#17 C:\\Users\\sam\\Documents\\File_Coding\\HTML_CSS_JAVASCRIPT_dan_GAMBAR\\Kuliah\\airlines\\vendor\\laravel\\framework\\src\\Illuminate\\Pipeline\\Pipeline.php(219): Illuminate\\Foundation\\Http\\Middleware\\VerifyCsrfToken->handle(Object(Illuminate\\Http\\Request), Object(Closure))
#18 C:\\Users\\sam\\Documents\\File_Coding\\HTML_CSS_JAVASCRIPT_dan_GAMBAR\\Kuliah\\airlines\\vendor\\laravel\\framework\\src\\Illuminate\\View\\Middleware\\ShareErrorsFromSession.php(48): Illuminate\\Pipeline\\Pipeline->{closure:{closure:Illuminate\\Pipeline\\Pipeline::carry():194}:195}(Object(Illuminate\\Http\\Request))
#19 C:\\Users\\sam\\Documents\\File_Coding\\HTML_CSS_JAVASCRIPT_dan_GAMBAR\\Kuliah\\airlines\\vendor\\laravel\\framework\\src\\Illuminate\\Pipeline\\Pipeline.php(219): Illuminate\\View\\Middleware\\ShareErrorsFromSession->handle(Object(Illuminate\\Http\\Request), Object(Closure))
#20 C:\\Users\\sam\\Documents\\File_Coding\\HTML_CSS_JAVASCRIPT_dan_GAMBAR\\Kuliah\\airlines\\vendor\\laravel\\framework\\src\\Illuminate\\Session\\Middleware\\StartSession.php(120): Illuminate\\Pipeline\\Pipeline->{closure:{closure:Illuminate\\Pipeline\\Pipeline::carry():194}:195}(Object(Illuminate\\Http\\Request))
#21 C:\\Users\\sam\\Documents\\File_Coding\\HTML_CSS_JAVASCRIPT_dan_GAMBAR\\Kuliah\\airlines\\vendor\\laravel\\framework\\src\\Illuminate\\Session\\Middleware\\StartSession.php(63): Illuminate\\Session\\Middleware\\StartSession->handleStatefulRequest(Object(Illuminate\\Http\\Request), Object(Illuminate\\Session\\Store), Object(Closure))
#22 C:\\Users\\sam\\Documents\\File_Coding\\HTML_CSS_JAVASCRIPT_dan_GAMBAR\\Kuliah\\airlines\\vendor\\laravel\\framework\\src\\Illuminate\\Pipeline\\Pipeline.php(219): Illuminate\\Session\\Middleware\\StartSession->handle(Object(Illuminate\\Http\\Request), Object(Closure))
#23 C:\\Users\\sam\\Documents\\File_Coding\\HTML_CSS_JAVASCRIPT_dan_GAMBAR\\Kuliah\\airlines\\vendor\\laravel\\framework\\src\\Illuminate\\Cookie\\Middleware\\AddQueuedCookiesToResponse.php(36): Illuminate\\Pipeline\\Pipeline->{closure:{closure:Illuminate\\Pipeline\\Pipeline::carry():194}:195}(Object(Illuminate\\Http\\Request))
#24 C:\\Users\\sam\\Documents\\File_Coding\\HTML_CSS_JAVASCRIPT_dan_GAMBAR\\Kuliah\\airlines\\vendor\\laravel\\framework\\src\\Illuminate\\Pipeline\\Pipeline.php(219): Illuminate\\Cookie\\Middleware\\AddQueuedCookiesToResponse->handle(Object(Illuminate\\Http\\Request), Object(Closure))
#25 C:\\Users\\sam\\Documents\\File_Coding\\HTML_CSS_JAVASCRIPT_dan_GAMBAR\\Kuliah\\airlines\\vendor\\laravel\\framework\\src\\Illuminate\\Cookie\\Middleware\\EncryptCookies.php(74): Illuminate\\Pipeline\\Pipeline->{closure:{closure:Illuminate\\Pipeline\\Pipeline::carry():194}:195}(Object(Illuminate\\Http\\Request))
#26 C:\\Users\\sam\\Documents\\File_Coding\\HTML_CSS_JAVASCRIPT_dan_GAMBAR\\Kuliah\\airlines\\vendor\\laravel\\framework\\src\\Illuminate\\Pipeline\\Pipeline.php(219): Illuminate\\Cookie\\Middleware\\EncryptCookies->handle(Object(Illuminate\\Http\\Request), Object(Closure))
#27 C:\\Users\\sam\\Documents\\File_Coding\\HTML_CSS_JAVASCRIPT_dan_GAMBAR\\Kuliah\\airlines\\vendor\\laravel\\framework\\src\\Illuminate\\Pipeline\\Pipeline.php(137): Illuminate\\Pipeline\\Pipeline->{closure:{closure:Illuminate\\Pipeline\\Pipeline::carry():194}:195}(Object(Illuminate\\Http\\Request))
#28 C:\\Users\\sam\\Documents\\File_Coding\\HTML_CSS_JAVASCRIPT_dan_GAMBAR\\Kuliah\\airlines\\vendor\\laravel\\framework\\src\\Illuminate\\Routing\\Router.php(821): Illuminate\\Pipeline\\Pipeline->then(Object(Closure))
#29 C:\\Users\\sam\\Documents\\File_Coding\\HTML_CSS_JAVASCRIPT_dan_GAMBAR\\Kuliah\\airlines\\vendor\\laravel\\framework\\src\\Illuminate\\Routing\\Router.php(800): Illuminate\\Routing\\Router->runRouteWithinStack(Object(Illuminate\\Routing\\Route), Object(Illuminate\\Http\\Request))
#30 C:\\Users\\sam\\Documents\\File_Coding\\HTML_CSS_JAVASCRIPT_dan_GAMBAR\\Kuliah\\airlines\\vendor\\laravel\\framework\\src\\Illuminate\\Routing\\Router.php(764): Illuminate\\Routing\\Router->runRoute(Object(Illuminate\\Http\\Request), Object(Illuminate\\Routing\\Route))
#31 C:\\Users\\sam\\Documents\\File_Coding\\HTML_CSS_JAVASCRIPT_dan_GAMBAR\\Kuliah\\airlines\\vendor\\laravel\\framework\\src\\Illuminate\\Routing\\Router.php(753): Illuminate\\Routing\\Router->dispatchToRoute(Object(Illuminate\\Http\\Request))
#32 C:\\Users\\sam\\Documents\\File_Coding\\HTML_CSS_JAVASCRIPT_dan_GAMBAR\\Kuliah\\airlines\\vendor\\laravel\\framework\\src\\Illuminate\\Foundation\\Http\\Kernel.php(200): Illuminate\\Routing\\Router->dispatch(Object(Illuminate\\Http\\Request))
#33 C:\\Users\\sam\\Documents\\File_Coding\\HTML_CSS_JAVASCRIPT_dan_GAMBAR\\Kuliah\\airlines\\vendor\\laravel\\framework\\src\\Illuminate\\Pipeline\\Pipeline.php(180): Illuminate\\Foundation\\Http\\Kernel->{closure:Illuminate\\Foundation\\Http\\Kernel::dispatchToRouter():197}(Object(Illuminate\\Http\\Request))
#34 C:\\Users\\sam\\Documents\\File_Coding\\HTML_CSS_JAVASCRIPT_dan_GAMBAR\\Kuliah\\airlines\\vendor\\laravel\\framework\\src\\Illuminate\\Foundation\\Http\\Middleware\\TransformsRequest.php(21): Illuminate\\Pipeline\\Pipeline->{closure:Illuminate\\Pipeline\\Pipeline::prepareDestination():178}(Object(Illuminate\\Http\\Request))
#35 C:\\Users\\sam\\Documents\\File_Coding\\HTML_CSS_JAVASCRIPT_dan_GAMBAR\\Kuliah\\airlines\\vendor\\laravel\\framework\\src\\Illuminate\\Foundation\\Http\\Middleware\\ConvertEmptyStringsToNull.php(31): Illuminate\\Foundation\\Http\\Middleware\\TransformsRequest->handle(Object(Illuminate\\Http\\Request), Object(Closure))
#36 C:\\Users\\sam\\Documents\\File_Coding\\HTML_CSS_JAVASCRIPT_dan_GAMBAR\\Kuliah\\airlines\\vendor\\laravel\\framework\\src\\Illuminate\\Pipeline\\Pipeline.php(219): Illuminate\\Foundation\\Http\\Middleware\\ConvertEmptyStringsToNull->handle(Object(Illuminate\\Http\\Request), Object(Closure))
#37 C:\\Users\\sam\\Documents\\File_Coding\\HTML_CSS_JAVASCRIPT_dan_GAMBAR\\Kuliah\\airlines\\vendor\\laravel\\framework\\src\\Illuminate\\Foundation\\Http\\Middleware\\TransformsRequest.php(21): Illuminate\\Pipeline\\Pipeline->{closure:{closure:Illuminate\\Pipeline\\Pipeline::carry():194}:195}(Object(Illuminate\\Http\\Request))
#38 C:\\Users\\sam\\Documents\\File_Coding\\HTML_CSS_JAVASCRIPT_dan_GAMBAR\\Kuliah\\airlines\\vendor\\laravel\\framework\\src\\Illuminate\\Foundation\\Http\\Middleware\\TrimStrings.php(51): Illuminate\\Foundation\\Http\\Middleware\\TransformsRequest->handle(Object(Illuminate\\Http\\Request), Object(Closure))
#39 C:\\Users\\sam\\Documents\\File_Coding\\HTML_CSS_JAVASCRIPT_dan_GAMBAR\\Kuliah\\airlines\\vendor\\laravel\\framework\\src\\Illuminate\\Pipeline\\Pipeline.php(219): Illuminate\\Foundation\\Http\\Middleware\\TrimStrings->handle(Object(Illuminate\\Http\\Request), Object(Closure))
#40 C:\\Users\\sam\\Documents\\File_Coding\\HTML_CSS_JAVASCRIPT_dan_GAMBAR\\Kuliah\\airlines\\vendor\\laravel\\framework\\src\\Illuminate\\Http\\Middleware\\ValidatePostSize.php(27): Illuminate\\Pipeline\\Pipeline->{closure:{closure:Illuminate\\Pipeline\\Pipeline::carry():194}:195}(Object(Illuminate\\Http\\Request))
#41 C:\\Users\\sam\\Documents\\File_Coding\\HTML_CSS_JAVASCRIPT_dan_GAMBAR\\Kuliah\\airlines\\vendor\\laravel\\framework\\src\\Illuminate\\Pipeline\\Pipeline.php(219): Illuminate\\Http\\Middleware\\ValidatePostSize->handle(Object(Illuminate\\Http\\Request), Object(Closure))
#42 C:\\Users\\sam\\Documents\\File_Coding\\HTML_CSS_JAVASCRIPT_dan_GAMBAR\\Kuliah\\airlines\\vendor\\laravel\\framework\\src\\Illuminate\\Foundation\\Http\\Middleware\\PreventRequestsDuringMaintenance.php(109): Illuminate\\Pipeline\\Pipeline->{closure:{closure:Illuminate\\Pipeline\\Pipeline::carry():194}:195}(Object(Illuminate\\Http\\Request))
#43 C:\\Users\\sam\\Documents\\File_Coding\\HTML_CSS_JAVASCRIPT_dan_GAMBAR\\Kuliah\\airlines\\vendor\\laravel\\framework\\src\\Illuminate\\Pipeline\\Pipeline.php(219): Illuminate\\Foundation\\Http\\Middleware\\PreventRequestsDuringMaintenance->handle(Object(Illuminate\\Http\\Request), Object(Closure))
#44 C:\\Users\\sam\\Documents\\File_Coding\\HTML_CSS_JAVASCRIPT_dan_GAMBAR\\Kuliah\\airlines\\vendor\\laravel\\framework\\src\\Illuminate\\Http\\Middleware\\HandleCors.php(48): Illuminate\\Pipeline\\Pipeline->{closure:{closure:Illuminate\\Pipeline\\Pipeline::carry():194}:195}(Object(Illuminate\\Http\\Request))
#45 C:\\Users\\sam\\Documents\\File_Coding\\HTML_CSS_JAVASCRIPT_dan_GAMBAR\\Kuliah\\airlines\\vendor\\laravel\\framework\\src\\Illuminate\\Pipeline\\Pipeline.php(219): Illuminate\\Http\\Middleware\\HandleCors->handle(Object(Illuminate\\Http\\Request), Object(Closure))
#46 C:\\Users\\sam\\Documents\\File_Coding\\HTML_CSS_JAVASCRIPT_dan_GAMBAR\\Kuliah\\airlines\\vendor\\laravel\\framework\\src\\Illuminate\\Http\\Middleware\\TrustProxies.php(58): Illuminate\\Pipeline\\Pipeline->{closure:{closure:Illuminate\\Pipeline\\Pipeline::carry():194}:195}(Object(Illuminate\\Http\\Request))
#47 C:\\Users\\sam\\Documents\\File_Coding\\HTML_CSS_JAVASCRIPT_dan_GAMBAR\\Kuliah\\airlines\\vendor\\laravel\\framework\\src\\Illuminate\\Pipeline\\Pipeline.php(219): Illuminate\\Http\\Middleware\\TrustProxies->handle(Object(Illuminate\\Http\\Request), Object(Closure))
#48 C:\\Users\\sam\\Documents\\File_Coding\\HTML_CSS_JAVASCRIPT_dan_GAMBAR\\Kuliah\\airlines\\vendor\\laravel\\framework\\src\\Illuminate\\Foundation\\Http\\Middleware\\InvokeDeferredCallbacks.php(22): Illuminate\\Pipeline\\Pipeline->{closure:{closure:Illuminate\\Pipeline\\Pipeline::carry():194}:195}(Object(Illuminate\\Http\\Request))
#49 C:\\Users\\sam\\Documents\\File_Coding\\HTML_CSS_JAVASCRIPT_dan_GAMBAR\\Kuliah\\airlines\\vendor\\laravel\\framework\\src\\Illuminate\\Pipeline\\Pipeline.php(219): Illuminate\\Foundation\\Http\\Middleware\\InvokeDeferredCallbacks->handle(Object(Illuminate\\Http\\Request), Object(Closure))
#50 C:\\Users\\sam\\Documents\\File_Coding\\HTML_CSS_JAVASCRIPT_dan_GAMBAR\\Kuliah\\airlines\\vendor\\laravel\\framework\\src\\Illuminate\\Http\\Middleware\\ValidatePathEncoding.php(26): Illuminate\\Pipeline\\Pipeline->{closure:{closure:Illuminate\\Pipeline\\Pipeline::carry():194}:195}(Object(Illuminate\\Http\\Request))
#51 C:\\Users\\sam\\Documents\\File_Coding\\HTML_CSS_JAVASCRIPT_dan_GAMBAR\\Kuliah\\airlines\\vendor\\laravel\\framework\\src\\Illuminate\\Pipeline\\Pipeline.php(219): Illuminate\\Http\\Middleware\\ValidatePathEncoding->handle(Object(Illuminate\\Http\\Request), Object(Closure))
#52 C:\\Users\\sam\\Documents\\File_Coding\\HTML_CSS_JAVASCRIPT_dan_GAMBAR\\Kuliah\\airlines\\vendor\\laravel\\framework\\src\\Illuminate\\Pipeline\\Pipeline.php(137): Illuminate\\Pipeline\\Pipeline->{closure:{closure:Illuminate\\Pipeline\\Pipeline::carry():194}:195}(Object(Illuminate\\Http\\Request))
#53 C:\\Users\\sam\\Documents\\File_Coding\\HTML_CSS_JAVASCRIPT_dan_GAMBAR\\Kuliah\\airlines\\vendor\\laravel\\framework\\src\\Illuminate\\Foundation\\Http\\Kernel.php(175): Illuminate\\Pipeline\\Pipeline->then(Object(Closure))
#54 C:\\Users\\sam\\Documents\\File_Coding\\HTML_CSS_JAVASCRIPT_dan_GAMBAR\\Kuliah\\airlines\\vendor\\laravel\\framework\\src\\Illuminate\\Foundation\\Http\\Kernel.php(144): Illuminate\\Foundation\\Http\\Kernel->sendRequestThroughRouter(Object(Illuminate\\Http\\Request))
#55 C:\\Users\\sam\\Documents\\File_Coding\\HTML_CSS_JAVASCRIPT_dan_GAMBAR\\Kuliah\\airlines\\vendor\\laravel\\framework\\src\\Illuminate\\Foundation\\Application.php(1220): Illuminate\\Foundation\\Http\\Kernel->handle(Object(Illuminate\\Http\\Request))
#56 C:\\Users\\sam\\Documents\\File_Coding\\HTML_CSS_JAVASCRIPT_dan_GAMBAR\\Kuliah\\airlines\\public\\index.php(20): Illuminate\\Foundation\\Application->handleRequest(Object(Illuminate\\Http\\Request))
#57 C:\\Users\\sam\\Documents\\File_Coding\\HTML_CSS_JAVASCRIPT_dan_GAMBAR\\Kuliah\\airlines\\vendor\\laravel\\framework\\src\\Illuminate\\Foundation\\resources\\server.php(23): require_once('C:\\\\Users\\\\sam\\\\Do...')
#58 {main}
"} 
